colony_id,spp_code,growth_form,log_area_cm2,mortality,year
1,AC,tabular,-2.478941155,0,3_4
2,AC,tabular,-2.215612335,0,3_4
3,AC,tabular,-3.104875615,1,3_4
4,AC,tabular,-1.166884967,0,3_4
5,AC,tabular,-1.448307015,1,3_4
6,AC,tabular,-2.504369132,0,3_4
7,AC,tabular,-3.858719734,0,3_4
8,AC,tabular,-1.694988442,0,3_4
9,AC,tabular,-0.391713533,0,3_4
10,AC,tabular,-1.432064624,0,3_4
11,AC,tabular,-2.654144806,0,3_4
12,AC,tabular,-2.142313812,0,3_4
13,AC,tabular,-1.183432939,1,3_4
14,AC,tabular,-3.332942709,1,3_4
15,AC,tabular,-2.103937465,0,3_4
16,AC,tabular,-1.019390685,0,3_4
17,AC,tabular,-1.892801012,0,3_4
19,AC,tabular,-4.567117897,0,3_4
20,AC,tabular,-4.049786311,0,3_4
21,AC,tabular,-1.661314207,0,3_4
22,AC,tabular,-2.787042024,0,3_4
24,AC,tabular,-1.429051778,0,3_4
25,AC,tabular,-3.774359899,0,3_4
26,AC,tabular,-0.719537803,0,3_4
30,AC,tabular,-0.95957923,0,3_4
1,AC,tabular,-1.572051104,0,4_5
2,AC,tabular,-1.78078175,1,4_5
4,AC,tabular,-1.01480276,1,4_5
6,AC,tabular,-2.67804652,0,4_5
7,AC,tabular,-2.70399929,0,4_5
8,AC,tabular,-1.234392145,0,4_5
9,AC,tabular,-0.130609911,0,4_5
10,AC,tabular,-1.25217175,0,4_5
11,AC,tabular,-2.708947662,0,4_5
12,AC,tabular,-1.821866332,0,4_5
15,AC,tabular,-1.669613492,0,4_5
16,AC,tabular,-1.180894835,0,4_5
17,AC,tabular,-1.457579331,0,4_5
19,AC,tabular,-4.225149518,0,4_5
20,AC,tabular,-3.314167756,1,4_5
21,AC,tabular,-1.263290507,0,4_5
22,AC,tabular,-2.150029338,0,4_5
24,AC,tabular,-1.496952434,0,4_5
26,AC,tabular,-0.372177156,0,4_5
29,AC,tabular,0.561278389,1,4_5
30,AC,tabular,-2.633709029,0,4_5
31,AC,tabular,-4.743474346,1,4_5
32,AC,tabular,-4.543929934,0,4_5
33,AC,tabular,-3.31733617,0,4_5
34,AC,tabular,-1.531670957,0,4_5
1,AC,tabular,-1.000050518,0,5_6
6,AC,tabular,-2.502461076,0,5_6
7,AC,tabular,-2.472291746,0,5_6
8,AC,tabular,-1.47406596,0,5_6
9,AC,tabular,0.101927321,0,5_6
10,AC,tabular,-1.074823235,0,5_6
11,AC,tabular,-2.166671033,0,5_6
12,AC,tabular,-1.760770239,0,5_6
15,AC,tabular,-1.341903732,0,5_6
16,AC,tabular,-1.117884651,1,5_6
17,AC,tabular,-1.070323834,1,5_6
19,AC,tabular,-3.832807448,1,5_6
21,AC,tabular,-0.849793282,0,5_6
22,AC,tabular,-1.857770812,0,5_6
24,AC,tabular,-1.643809634,0,5_6
26,AC,tabular,-0.377003034,1,5_6
30,AC,tabular,-2.492743451,0,5_6
32,AC,tabular,-4.249240607,1,5_6
33,AC,tabular,-2.915102325,0,5_6
34,AC,tabular,-1.344033622,0,5_6
35,AD,digitate,-2.591150869,0,3_4
36,AD,digitate,-2.859656685,0,3_4
37,AD,digitate,-2.747310672,0,3_4
38,AD,digitate,-6.001921595,1,3_4
39,AD,digitate,-2.883322293,0,3_4
40,AD,digitate,-2.544607212,0,3_4
41,AD,digitate,-3.530715068,0,3_4
43,AD,digitate,-3.363936872,0,3_4
44,AD,digitate,-2.698561895,0,3_4
45,AD,digitate,-4.717046252,0,3_4
46,AD,digitate,-5.237825303,1,3_4
47,AD,digitate,-3.144897889,0,3_4
48,AD,digitate,-2.049022667,0,3_4
49,AD,digitate,-3.516159881,0,3_4
51,AD,digitate,-3.247020932,0,3_4
52,AD,digitate,-3.170306585,0,3_4
53,AD,digitate,-4.604468784,0,3_4
54,AD,digitate,-3.857140042,0,3_4
55,AD,digitate,-3.445048485,0,3_4
56,AD,digitate,-4.543397849,0,3_4
57,AD,digitate,-2.957647213,0,3_4
58,AD,digitate,-3.114712934,0,3_4
59,AD,digitate,-2.669905122,0,3_4
60,AD,digitate,-2.084600062,0,3_4
61,AD,digitate,-3.11285603,0,3_4
62,AD,digitate,-2.972346295,0,3_4
63,AD,digitate,-3.468332587,0,3_4
64,AD,digitate,-1.779676759,0,3_4
35,AD,digitate,-3.168693768,0,4_5
36,AD,digitate,-2.982473295,0,4_5
37,AD,digitate,-2.920634617,0,4_5
39,AD,digitate,-3.050020013,0,4_5
40,AD,digitate,-2.454057958,0,4_5
41,AD,digitate,-3.760025153,1,4_5
43,AD,digitate,-3.323881433,0,4_5
44,AD,digitate,-2.988643486,0,4_5
45,AD,digitate,-4.432747988,0,4_5
47,AD,digitate,-4.691229623,1,4_5
48,AD,digitate,-1.931257927,0,4_5
49,AD,digitate,-3.762674284,0,4_5
51,AD,digitate,-3.128668512,0,4_5
52,AD,digitate,-3.076814178,0,4_5
53,AD,digitate,-4.242104211,0,4_5
54,AD,digitate,-3.174740184,0,4_5
55,AD,digitate,-2.978493186,0,4_5
56,AD,digitate,-4.417448905,0,4_5
57,AD,digitate,-3.091527178,0,4_5
58,AD,digitate,-2.897410724,0,4_5
59,AD,digitate,-2.532701465,0,4_5
60,AD,digitate,-2.00015865,0,4_5
61,AD,digitate,-3.211459162,0,4_5
62,AD,digitate,-3.792009898,0,4_5
63,AD,digitate,-3.369858683,0,4_5
64,AD,digitate,-1.809367957,0,4_5
65,AD,digitate,-6.248625463,0,4_5
66,AD,digitate,-3.040335595,0,4_5
67,AD,digitate,-3.10525319,0,4_5
35,AD,digitate,-3.231067347,0,5_6
36,AD,digitate,-2.822728339,0,5_6
37,AD,digitate,-2.729191113,0,5_6
39,AD,digitate,-3.204461747,1,5_6
40,AD,digitate,-2.414038311,0,5_6
43,AD,digitate,-3.282470647,0,5_6
44,AD,digitate,-3.146416721,0,5_6
45,AD,digitate,-4.240467686,0,5_6
48,AD,digitate,-2.023996989,0,5_6
49,AD,digitate,-4.267517932,0,5_6
51,AD,digitate,-3.005432362,0,5_6
52,AD,digitate,-2.991182543,0,5_6
53,AD,digitate,-3.965821914,0,5_6
54,AD,digitate,-3.07519192,0,5_6
55,AD,digitate,-2.704756455,0,5_6
56,AD,digitate,-4.155767627,0,5_6
57,AD,digitate,-2.926255652,0,5_6
58,AD,digitate,-3.735427675,1,5_6
59,AD,digitate,-2.581242452,0,5_6
60,AD,digitate,-2.210286492,0,5_6
61,AD,digitate,-3.316887617,0,5_6
62,AD,digitate,-3.654556147,1,5_6
63,AD,digitate,-3.405835734,0,5_6
64,AD,digitate,-1.762305388,1,5_6
65,AD,digitate,-6.339379448,0,5_6
66,AD,digitate,-3.110370264,0,5_6
68,AH,tabular,-2.158576038,0,3_4
69,AH,tabular,-1.118379855,0,3_4
70,AH,tabular,-1.462302933,0,3_4
71,AH,tabular,-2.301842525,0,3_4
72,AH,tabular,-1.089557414,0,3_4
73,AH,tabular,-1.654945267,0,3_4
75,AH,tabular,-2.942111718,0,3_4
76,AH,tabular,-1.46146776,0,3_4
77,AH,tabular,-3.440429403,0,3_4
78,AH,tabular,-2.090145462,0,3_4
79,AH,tabular,-3.972939525,0,3_4
80,AH,tabular,-0.470719577,0,3_4
81,AH,tabular,0.013033747,0,3_4
82,AH,tabular,-3.081737332,0,3_4
83,AH,tabular,-1.689982834,0,3_4
84,AH,tabular,-2.369638001,0,3_4
85,AH,tabular,-1.682851002,1,3_4
86,AH,tabular,-1.273350115,0,3_4
87,AH,tabular,-3.129170917,0,3_4
88,AH,tabular,-2.017931498,0,3_4
89,AH,tabular,-3.339719556,1,3_4
90,AH,tabular,-1.335235446,0,3_4
91,AH,tabular,-2.43952738,0,3_4
92,AH,tabular,-1.153529214,0,3_4
93,AH,tabular,-2.307114139,0,3_4
94,AH,tabular,-1.593194712,0,3_4
95,AH,tabular,-1.670191703,0,3_4
96,AH,tabular,-1.447422841,0,3_4
97,AH,tabular,-1.294528857,0,3_4
68,AH,tabular,-2.626756027,0,4_5
69,AH,tabular,-0.956463124,1,4_5
70,AH,tabular,-1.822824784,0,4_5
71,AH,tabular,-1.835847351,0,4_5
72,AH,tabular,-0.800549994,0,4_5
73,AH,tabular,-1.831137795,0,4_5
74,AH,tabular,-3.571001802,0,4_5
75,AH,tabular,-2.785407229,0,4_5
76,AH,tabular,-1.173687125,0,4_5
77,AH,tabular,-2.854275975,0,4_5
78,AH,tabular,-1.589247563,0,4_5
79,AH,tabular,-5.037997021,0,4_5
80,AH,tabular,-0.141763872,0,4_5
81,AH,tabular,-0.10094397,1,4_5
83,AH,tabular,-1.465743817,0,4_5
84,AH,tabular,-3.164505173,0,4_5
86,AH,tabular,-1.129750822,0,4_5
88,AH,tabular,-2.014678452,1,4_5
90,AH,tabular,-1.112014584,0,4_5
91,AH,tabular,-1.792329115,0,4_5
92,AH,tabular,-0.972174241,0,4_5
93,AH,tabular,-1.602310095,0,4_5
94,AH,tabular,-1.24079155,0,4_5
95,AH,tabular,-1.138002717,0,4_5
97,AH,tabular,-0.941526076,0,4_5
98,AH,tabular,-1.340915523,0,4_5
99,AH,tabular,-5.144804553,0,4_5
68,AH,tabular,-3.502962216,0,5_6
70,AH,tabular,-1.313135058,0,5_6
71,AH,tabular,-1.999512104,1,5_6
72,AH,tabular,-0.738549119,0,5_6
73,AH,tabular,-1.367845736,0,5_6
74,AH,tabular,-3.475328445,1,5_6
75,AH,tabular,-2.541937481,0,5_6
76,AH,tabular,-2.709971826,0,5_6
77,AH,tabular,-2.32459359,0,5_6
78,AH,tabular,-1.143697015,0,5_6
79,AH,tabular,-4.15314617,0,5_6
80,AH,tabular,0.00538869,1,5_6
83,AH,tabular,-1.395056491,1,5_6
84,AH,tabular,-3.031576716,0,5_6
86,AH,tabular,-1.085359031,0,5_6
90,AH,tabular,-0.904546184,0,5_6
91,AH,tabular,-1.548914961,0,5_6
92,AH,tabular,-0.973672189,1,5_6
93,AH,tabular,-1.157151749,0,5_6
94,AH,tabular,-1.057338215,0,5_6
95,AH,tabular,-1.707004688,0,5_6
96,AH,tabular,-5.26138754,1,5_6
97,AH,tabular,-1.376187347,1,5_6
98,AH,tabular,-1.41368211,0,5_6
100,AH,tabular,-1.844104267,1,5_6
101,AI,staghorn,-0.654670333,0,3_4
102,AI,staghorn,-3.691996452,1,3_4
103,AI,staghorn,-3.901979857,1,3_4
104,AI,staghorn,-5.34465558,0,3_4
105,AI,staghorn,-3.303056778,1,3_4
106,AI,staghorn,-1.800679144,0,3_4
107,AI,staghorn,-5.269491648,1,3_4
108,AI,staghorn,-2.839119264,0,3_4
109,AI,staghorn,-2.080932996,0,3_4
111,AI,staghorn,-1.120503515,0,3_4
112,AI,staghorn,-2.176755902,0,3_4
114,AI,staghorn,-2.635489106,0,3_4
115,AI,staghorn,-3.296832924,0,3_4
116,AI,staghorn,-2.9959638,0,3_4
117,AI,staghorn,-2.704590848,0,3_4
118,AI,staghorn,-2.08063467,0,3_4
119,AI,staghorn,-3.090369489,0,3_4
120,AI,staghorn,-4.389828201,1,3_4
121,AI,staghorn,-4.963073263,0,3_4
122,AI,staghorn,-3.421199378,0,3_4
101,AI,staghorn,-0.433893981,0,4_5
104,AI,staghorn,-5.159752862,0,4_5
106,AI,staghorn,-2.082632062,0,4_5
108,AI,staghorn,-2.620108483,0,4_5
109,AI,staghorn,-1.619086579,0,4_5
110,AI,staghorn,-1.430416775,0,4_5
111,AI,staghorn,-0.87486063,0,4_5
112,AI,staghorn,-2.321058124,0,4_5
114,AI,staghorn,-2.19401383,0,4_5
115,AI,staghorn,-4.038039004,0,4_5
117,AI,staghorn,-2.831538005,0,4_5
119,AI,staghorn,-2.663351815,0,4_5
121,AI,staghorn,-5.377579464,0,4_5
122,AI,staghorn,-5.34349536,1,4_5
123,AI,staghorn,-3.891117247,0,4_5
124,AI,staghorn,-4.482477129,0,4_5
125,AI,staghorn,-5.881807651,0,4_5
126,AI,staghorn,-4.44118988,1,4_5
101,AI,staghorn,-0.985756096,0,5_6
104,AI,staghorn,-4.690735019,1,5_6
106,AI,staghorn,-2.450947879,0,5_6
108,AI,staghorn,-2.626149571,0,5_6
110,AI,staghorn,-2.981198874,0,5_6
111,AI,staghorn,-0.740004856,0,5_6
112,AI,staghorn,-2.140255904,0,5_6
114,AI,staghorn,-2.007172369,0,5_6
115,AI,staghorn,-6.250424781,0,5_6
117,AI,staghorn,-3.508296719,0,5_6
119,AI,staghorn,-2.248592907,0,5_6
121,AI,staghorn,-4.974240412,0,5_6
123,AI,staghorn,-5.751909285,1,5_6
124,AI,staghorn,-4.059276141,0,5_6
127,AL,corymbose,-3.569858846,0,3_4
128,AL,corymbose,-1.939871607,0,3_4
129,AL,corymbose,-3.987748435,0,3_4
130,AL,corymbose,-3.271945354,0,3_4
131,AL,corymbose,-2.644704881,1,3_4
132,AL,corymbose,-5.433411238,0,3_4
133,AL,corymbose,-3.132439573,0,3_4
134,AL,corymbose,-3.770809321,0,3_4
135,AL,corymbose,-3.325042027,0,3_4
136,AL,corymbose,-2.934849107,0,3_4
137,AL,corymbose,-3.310750615,0,3_4
138,AL,corymbose,-4.310798847,0,3_4
139,AL,corymbose,-3.271870229,0,3_4
140,AL,corymbose,-2.312597305,0,3_4
141,AL,corymbose,-3.756124169,0,3_4
142,AL,corymbose,-3.332045561,0,3_4
143,AL,corymbose,-4.356642959,0,3_4
144,AL,corymbose,-3.258998453,0,3_4
145,AL,corymbose,-3.490860238,0,3_4
146,AL,corymbose,-3.791453703,0,3_4
147,AL,corymbose,-3.368347402,0,3_4
148,AL,corymbose,-3.605927143,0,3_4
150,AL,corymbose,-3.678869366,1,3_4
151,AL,corymbose,-3.183856568,0,3_4
152,AL,corymbose,-3.210778771,0,3_4
153,AL,corymbose,-3.342870995,1,3_4
154,AL,corymbose,-3.468086213,0,3_4
155,AL,corymbose,-3.447439315,0,3_4
156,AL,corymbose,-4.238348686,0,3_4
157,AL,corymbose,-1.962764121,0,3_4
189,AL,corymbose,-2.129509929,0,3_4
127,AL,corymbose,-3.466392152,0,4_5
128,AL,corymbose,-1.922194547,0,4_5
129,AL,corymbose,-3.755547355,0,4_5
130,AL,corymbose,-2.951346073,0,4_5
132,AL,corymbose,-5.190927214,0,4_5
133,AL,corymbose,-3.005386477,0,4_5
134,AL,corymbose,-3.430073603,0,4_5
135,AL,corymbose,-3.04309273,0,4_5
136,AL,corymbose,-2.830376174,0,4_5
137,AL,corymbose,-3.513377699,0,4_5
138,AL,corymbose,-5.356204515,0,4_5
139,AL,corymbose,-2.871869236,0,4_5
140,AL,corymbose,-2.386809014,0,4_5
141,AL,corymbose,-3.534909662,0,4_5
142,AL,corymbose,-3.47458254,0,4_5
143,AL,corymbose,-4.015780852,1,4_5
144,AL,corymbose,-3.42263145,1,4_5
145,AL,corymbose,-3.448830903,0,4_5
146,AL,corymbose,-3.18859339,0,4_5
147,AL,corymbose,-3.415994383,0,4_5
148,AL,corymbose,-3.41304729,0,4_5
151,AL,corymbose,-3.138051112,0,4_5
152,AL,corymbose,-2.909897547,0,4_5
154,AL,corymbose,-2.896295038,0,4_5
155,AL,corymbose,-3.483278406,0,4_5
156,AL,corymbose,-3.636531103,0,4_5
157,AL,corymbose,-1.679331875,0,4_5
158,AL,corymbose,-3.809711246,0,4_5
127,AL,corymbose,-3.431025843,1,5_6
128,AL,corymbose,-2.699806214,1,5_6
129,AL,corymbose,-3.78815173,1,5_6
130,AL,corymbose,-2.813568715,0,5_6
132,AL,corymbose,-5.423444795,1,5_6
133,AL,corymbose,-3.307904647,0,5_6
134,AL,corymbose,-3.36153399,0,5_6
135,AL,corymbose,-2.597682553,0,5_6
136,AL,corymbose,-2.344545885,0,5_6
137,AL,corymbose,-3.460057378,1,5_6
138,AL,corymbose,-6.863477636,1,5_6
139,AL,corymbose,-2.515339271,0,5_6
140,AL,corymbose,-2.441522695,0,5_6
141,AL,corymbose,-3.473729716,0,5_6
142,AL,corymbose,-3.184011055,0,5_6
145,AL,corymbose,-3.33640897,0,5_6
146,AL,corymbose,-2.849679276,0,5_6
147,AL,corymbose,-3.385836889,0,5_6
148,AL,corymbose,-3.323344307,0,5_6
151,AL,corymbose,-3.218097647,0,5_6
152,AL,corymbose,-2.5644713,0,5_6
154,AL,corymbose,-2.350300164,0,5_6
155,AL,corymbose,-3.312064788,0,5_6
156,AL,corymbose,-3.278185653,0,5_6
157,AL,corymbose,-1.444779203,0,5_6
158,AL,corymbose,-3.577783465,0,5_6
159,AL,corymbose,-2.814364174,0,5_6
189,AL,corymbose,-2.116300937,1,5_6
160,AM,corymbose,-3.427419129,0,3_4
161,AM,corymbose,-3.964137648,0,3_4
163,AM,corymbose,-3.682131074,0,3_4
164,AM,corymbose,-5.144649963,0,3_4
165,AM,corymbose,-3.814404505,0,3_4
166,AM,corymbose,-3.661056905,0,3_4
167,AM,corymbose,-2.951347,0,3_4
168,AM,corymbose,-3.647658638,0,3_4
169,AM,corymbose,-3.017333501,0,3_4
170,AM,corymbose,-2.829686781,0,3_4
171,AM,corymbose,-2.086392949,1,3_4
172,AM,corymbose,-3.605482378,0,3_4
173,AM,corymbose,-2.885470027,0,3_4
174,AM,corymbose,-2.06464919,0,3_4
175,AM,corymbose,-4.28687693,0,3_4
176,AM,corymbose,-6.295200067,1,3_4
177,AM,corymbose,-3.244052813,0,3_4
178,AM,corymbose,-3.518491098,0,3_4
179,AM,corymbose,-3.50671957,0,3_4
180,AM,corymbose,-3.702158179,1,3_4
181,AM,corymbose,-2.980288301,1,3_4
182,AM,corymbose,-4.643452133,0,3_4
183,AM,corymbose,-4.327433095,0,3_4
184,AM,corymbose,-4.423062654,0,3_4
185,AM,corymbose,-3.957734903,0,3_4
186,AM,corymbose,-3.983542407,0,3_4
187,AM,corymbose,-3.712944069,0,3_4
188,AM,corymbose,-3.340830622,0,3_4
160,AM,corymbose,-4.753242852,0,4_5
161,AM,corymbose,-4.246784207,0,4_5
163,AM,corymbose,-3.768604053,0,4_5
164,AM,corymbose,-5.259911235,0,4_5
165,AM,corymbose,-5.382663447,0,4_5
166,AM,corymbose,-3.714871764,0,4_5
167,AM,corymbose,-2.773525562,0,4_5
168,AM,corymbose,-4.052322324,0,4_5
169,AM,corymbose,-2.964349583,0,4_5
170,AM,corymbose,-2.902105369,0,4_5
172,AM,corymbose,-3.513456266,1,4_5
173,AM,corymbose,-3.542829146,0,4_5
174,AM,corymbose,-1.975180135,0,4_5
175,AM,corymbose,-3.514808001,0,4_5
177,AM,corymbose,-3.570541164,1,4_5
178,AM,corymbose,-3.503252957,0,4_5
179,AM,corymbose,-3.44116923,0,4_5
182,AM,corymbose,-4.058870638,0,4_5
183,AM,corymbose,-3.785791191,0,4_5
184,AM,corymbose,-3.914965916,0,4_5
185,AM,corymbose,-4.76643024,1,4_5
186,AM,corymbose,-3.851813885,0,4_5
187,AM,corymbose,-3.259349199,0,4_5
188,AM,corymbose,-3.576008907,0,4_5
160,AM,corymbose,-4.821205608,0,5_6
161,AM,corymbose,-3.702094383,0,5_6
163,AM,corymbose,-3.805141052,1,5_6
164,AM,corymbose,-6.001294208,0,5_6
165,AM,corymbose,-5.491031134,0,5_6
166,AM,corymbose,-3.501105497,0,5_6
167,AM,corymbose,-2.569615305,1,5_6
168,AM,corymbose,-4.327402904,1,5_6
169,AM,corymbose,-2.556256994,0,5_6
170,AM,corymbose,-3.602906594,0,5_6
173,AM,corymbose,-3.358720842,0,5_6
174,AM,corymbose,-1.944508773,0,5_6
175,AM,corymbose,-3.167749979,0,5_6
178,AM,corymbose,-3.282715893,1,5_6
179,AM,corymbose,-3.489965529,0,5_6
182,AM,corymbose,-3.482717166,0,5_6
183,AM,corymbose,-3.48167316,0,5_6
184,AM,corymbose,-4.100524896,1,5_6
186,AM,corymbose,-3.640911244,0,5_6
187,AM,corymbose,-3.79359864,1,5_6
188,AM,corymbose,-3.916477689,0,5_6
190,AN,corymbose,-3.526468751,1,3_4
191,AN,corymbose,-2.963906069,0,3_4
192,AN,corymbose,-2.455071282,0,3_4
193,AN,corymbose,-2.73577495,0,3_4
194,AN,corymbose,-3.832952984,0,3_4
195,AN,corymbose,-3.384743021,0,3_4
196,AN,corymbose,-3.434745332,0,3_4
197,AN,corymbose,-3.5000387,0,3_4
198,AN,corymbose,-2.751975379,0,3_4
199,AN,corymbose,-3.763357291,0,3_4
200,AN,corymbose,-2.763221805,1,3_4
201,AN,corymbose,-2.790852791,0,3_4
202,AN,corymbose,-3.033085097,1,3_4
203,AN,corymbose,-4.209394341,0,3_4
204,AN,corymbose,-2.229745498,0,3_4
205,AN,corymbose,-3.464435326,0,3_4
206,AN,corymbose,-3.953214108,1,3_4
207,AN,corymbose,-3.759355309,0,3_4
208,AN,corymbose,-4.041892777,0,3_4
209,AN,corymbose,-2.520047633,0,3_4
210,AN,corymbose,-4.490970647,1,3_4
211,AN,corymbose,-3.891991014,0,3_4
212,AN,corymbose,-2.667142435,1,3_4
213,AN,corymbose,-4.204534716,0,3_4
214,AN,corymbose,-2.701571501,0,3_4
216,AN,corymbose,-4.698594382,1,3_4
217,AN,corymbose,-3.773956685,0,3_4
218,AN,corymbose,-2.929980472,0,3_4
219,AN,corymbose,-2.782488442,0,3_4
220,AN,corymbose,-3.535239171,0,3_4
221,AN,corymbose,-3.440240367,0,3_4
222,AN,corymbose,-2.769706747,0,3_4
223,AN,corymbose,-3.127044891,0,3_4
224,AN,corymbose,-3.802579638,0,3_4
225,AN,corymbose,-2.614454517,0,3_4
226,AN,corymbose,-2.958977062,0,3_4
227,AN,corymbose,-2.821380397,0,3_4
228,AN,corymbose,-2.92716352,0,3_4
229,AN,corymbose,-2.531793918,0,3_4
230,AN,corymbose,-2.239429456,0,3_4
191,AN,corymbose,-3.284797837,0,4_5
192,AN,corymbose,-2.196438641,0,4_5
193,AN,corymbose,-2.659725175,0,4_5
194,AN,corymbose,-3.659810693,0,4_5
195,AN,corymbose,-3.47372232,0,4_5
196,AN,corymbose,-3.0111859,0,4_5
197,AN,corymbose,-3.19578586,0,4_5
198,AN,corymbose,-2.953960223,0,4_5
199,AN,corymbose,-4.698462137,0,4_5
201,AN,corymbose,-2.855830525,0,4_5
203,AN,corymbose,-4.040794703,0,4_5
204,AN,corymbose,-2.253438005,0,4_5
205,AN,corymbose,-3.516471963,1,4_5
207,AN,corymbose,-4.201327757,1,4_5
208,AN,corymbose,-3.8148756,0,4_5
209,AN,corymbose,-2.885657115,1,4_5
211,AN,corymbose,-4.679433206,1,4_5
213,AN,corymbose,-3.755976529,0,4_5
214,AN,corymbose,-2.319509736,0,4_5
217,AN,corymbose,-3.780405462,0,4_5
218,AN,corymbose,-3.260651996,0,4_5
219,AN,corymbose,-2.91434555,0,4_5
220,AN,corymbose,-4.038002592,0,4_5
221,AN,corymbose,-3.083143293,0,4_5
222,AN,corymbose,-2.855613147,0,4_5
223,AN,corymbose,-2.966050392,0,4_5
224,AN,corymbose,-3.291530911,0,4_5
225,AN,corymbose,-2.602457295,0,4_5
226,AN,corymbose,-3.073510305,0,4_5
227,AN,corymbose,-2.781799524,0,4_5
228,AN,corymbose,-2.981547955,0,4_5
229,AN,corymbose,-2.585414435,0,4_5
230,AN,corymbose,-2.180765717,0,4_5
231,AN,corymbose,-2.556679335,0,4_5
232,AN,corymbose,-4.501440285,0,4_5
233,AN,corymbose,-3.024902345,0,4_5
235,AN,corymbose,-4.532529852,0,4_5
191,AN,corymbose,-3.517801957,0,5_6
192,AN,corymbose,-2.061319941,1,5_6
193,AN,corymbose,-2.601196575,0,5_6
194,AN,corymbose,-3.923812425,0,5_6
195,AN,corymbose,-4.301634822,1,5_6
196,AN,corymbose,-3.120304149,0,5_6
197,AN,corymbose,-2.983297648,0,5_6
198,AN,corymbose,-3.447007861,0,5_6
199,AN,corymbose,-3.833687387,0,5_6
201,AN,corymbose,-3.655382643,0,5_6
203,AN,corymbose,-4.027836649,0,5_6
204,AN,corymbose,-2.069798442,1,5_6
208,AN,corymbose,-2.856802835,1,5_6
213,AN,corymbose,-6.6676952,1,5_6
214,AN,corymbose,-2.190194127,0,5_6
217,AN,corymbose,-4.831586307,0,5_6
218,AN,corymbose,-3.249172795,0,5_6
219,AN,corymbose,-2.808181841,0,5_6
220,AN,corymbose,-3.763618571,0,5_6
221,AN,corymbose,-2.859422678,0,5_6
222,AN,corymbose,-2.758698808,1,5_6
223,AN,corymbose,-3.072589532,1,5_6
224,AN,corymbose,-3.144939682,0,5_6
225,AN,corymbose,-2.546579252,0,5_6
226,AN,corymbose,-3.7081907,1,5_6
227,AN,corymbose,-3.14478843,0,5_6
228,AN,corymbose,-2.924441927,1,5_6
230,AN,corymbose,-2.26155906,0,5_6
231,AN,corymbose,-2.424202078,0,5_6
232,AN,corymbose,-4.074841738,0,5_6
233,AN,corymbose,-5.858595628,1,5_6
235,AN,corymbose,-4.099384832,0,5_6
364,AN,corymbose,-5.646559653,1,5_6
236,AR,staghorn,-2.578384039,0,3_4
237,AR,staghorn,-3.184411373,0,3_4
238,AR,staghorn,-2.886762284,0,3_4
239,AR,staghorn,-3.354426968,0,3_4
240,AR,staghorn,-4.776616289,1,3_4
241,AR,staghorn,-2.935794257,0,3_4
242,AR,staghorn,-3.968382264,0,3_4
243,AR,staghorn,-2.249874606,0,3_4
244,AR,staghorn,-1.114511975,0,3_4
245,AR,staghorn,-4.219854183,0,3_4
247,AR,staghorn,-1.541823479,0,3_4
248,AR,staghorn,-2.651257309,0,3_4
249,AR,staghorn,-1.642827159,0,3_4
250,AR,staghorn,-2.934065372,0,3_4
251,AR,staghorn,-0.285416176,0,3_4
252,AR,staghorn,-3.74582314,0,3_4
253,AR,staghorn,-1.229144466,0,3_4
254,AR,staghorn,-3.315318863,0,3_4
255,AR,staghorn,-2.559696579,0,3_4
256,AR,staghorn,-3.241285836,0,3_4
257,AR,staghorn,-2.092542139,0,3_4
259,AR,staghorn,-2.433065661,0,3_4
260,AR,staghorn,-2.836734264,0,3_4
262,AR,staghorn,-2.490492716,0,3_4
263,AR,staghorn,-3.450556756,0,3_4
264,AR,staghorn,-2.619302667,0,3_4
265,AR,staghorn,-3.272075249,0,3_4
266,AR,staghorn,-4.210488302,0,3_4
236,AR,staghorn,-2.349614055,0,4_5
237,AR,staghorn,-2.900302812,0,4_5
238,AR,staghorn,-2.913212178,0,4_5
239,AR,staghorn,-3.116663794,0,4_5
241,AR,staghorn,-2.84287543,0,4_5
242,AR,staghorn,-4.178393183,0,4_5
243,AR,staghorn,-2.501123952,0,4_5
244,AR,staghorn,-1.318904786,0,4_5
245,AR,staghorn,-3.592369649,0,4_5
246,AR,staghorn,-2.269429798,0,4_5
247,AR,staghorn,-1.300473909,0,4_5
248,AR,staghorn,-2.068699441,0,4_5
249,AR,staghorn,-2.022789265,0,4_5
251,AR,staghorn,0.022001664,0,4_5
252,AR,staghorn,-3.007344523,0,4_5
253,AR,staghorn,-1.197852197,0,4_5
254,AR,staghorn,-3.122075328,0,4_5
255,AR,staghorn,-2.010468278,0,4_5
256,AR,staghorn,-2.984288292,0,4_5
259,AR,staghorn,-2.235745572,0,4_5
260,AR,staghorn,-2.707125811,0,4_5
261,AR,staghorn,-0.129156605,0,4_5
262,AR,staghorn,-2.53785761,0,4_5
263,AR,staghorn,-2.813857335,0,4_5
264,AR,staghorn,-2.641710253,0,4_5
265,AR,staghorn,-3.716783964,0,4_5
266,AR,staghorn,-3.372184791,0,4_5
365,AR,staghorn,-0.848755748,0,4_5
236,AR,staghorn,-2.719636632,0,5_6
237,AR,staghorn,-2.444769854,0,5_6
238,AR,staghorn,-2.589094477,0,5_6
239,AR,staghorn,-2.588099102,0,5_6
241,AR,staghorn,-2.651264951,0,5_6
243,AR,staghorn,-2.296051223,1,5_6
244,AR,staghorn,-1.114838365,0,5_6
245,AR,staghorn,-4.032921216,1,5_6
246,AR,staghorn,-2.112891344,0,5_6
247,AR,staghorn,-1.231533942,0,5_6
248,AR,staghorn,-1.868292972,0,5_6
249,AR,staghorn,-1.939164159,0,5_6
250,AR,staghorn,-5.179800124,1,5_6
251,AR,staghorn,-0.168330809,1,5_6
252,AR,staghorn,-2.786055971,0,5_6
253,AR,staghorn,-1.24860935,0,5_6
254,AR,staghorn,-3.084705888,1,5_6
255,AR,staghorn,-1.874221014,0,5_6
256,AR,staghorn,-3.980658302,0,5_6
259,AR,staghorn,-2.233130947,0,5_6
260,AR,staghorn,-2.741755672,0,5_6
261,AR,staghorn,-0.208694255,0,5_6
262,AR,staghorn,-2.589916197,0,5_6
263,AR,staghorn,-3.303763673,0,5_6
264,AR,staghorn,-3.226171413,1,5_6
265,AR,staghorn,-3.927053321,0,5_6
266,AR,staghorn,-3.08107146,1,5_6
365,AR,staghorn,-0.916514257,0,5_6
267,AS,digitate,-3.645767988,0,3_4
268,AS,digitate,-4.937859835,0,3_4
269,AS,digitate,-4.097828786,0,3_4
270,AS,digitate,-3.646755857,1,3_4
271,AS,digitate,-3.374413274,0,3_4
272,AS,digitate,-5.973748903,0,3_4
273,AS,digitate,-3.038392058,1,3_4
274,AS,digitate,-3.250993116,0,3_4
275,AS,digitate,-3.517645016,0,3_4
276,AS,digitate,-6.070635411,1,3_4
277,AS,digitate,-3.012151609,0,3_4
278,AS,digitate,-2.856191641,0,3_4
280,AS,digitate,-3.156513806,0,3_4
281,AS,digitate,-3.956063805,0,3_4
282,AS,digitate,-4.551829617,0,3_4
283,AS,digitate,-5.446429427,0,3_4
284,AS,digitate,-3.369084585,0,3_4
285,AS,digitate,-4.432399742,0,3_4
286,AS,digitate,-3.844936379,0,3_4
287,AS,digitate,-6.045372943,0,3_4
288,AS,digitate,-3.967796913,0,3_4
289,AS,digitate,-4.462527907,0,3_4
290,AS,digitate,-2.593816603,0,3_4
291,AS,digitate,-3.053752984,0,3_4
292,AS,digitate,-4.51006906,0,3_4
293,AS,digitate,-3.594060862,0,3_4
294,AS,digitate,-4.403735377,0,3_4
295,AS,digitate,-3.072082471,0,3_4
267,AS,digitate,-4.066173261,0,4_5
268,AS,digitate,-4.666723016,0,4_5
269,AS,digitate,-4.176645612,0,4_5
271,AS,digitate,-3.632214545,0,4_5
272,AS,digitate,-5.43021269,0,4_5
274,AS,digitate,-3.87552726,0,4_5
275,AS,digitate,-3.046077107,0,4_5
277,AS,digitate,-3.076688264,0,4_5
278,AS,digitate,-2.620466194,0,4_5
280,AS,digitate,-3.331185502,0,4_5
281,AS,digitate,-4.092544153,0,4_5
282,AS,digitate,-4.421468388,0,4_5
283,AS,digitate,-4.720891532,0,4_5
284,AS,digitate,-3.360826924,0,4_5
285,AS,digitate,-4.129662691,0,4_5
286,AS,digitate,-3.481900692,0,4_5
287,AS,digitate,-7.283169435,0,4_5
288,AS,digitate,-4.037718183,0,4_5
289,AS,digitate,-4.291130825,0,4_5
290,AS,digitate,-2.658518265,0,4_5
291,AS,digitate,-2.988380392,0,4_5
292,AS,digitate,-4.164983876,0,4_5
293,AS,digitate,-3.373758878,0,4_5
294,AS,digitate,-3.888564864,0,4_5
297,AS,digitate,-3.131641717,0,4_5
267,AS,digitate,-5.178864581,1,5_6
268,AS,digitate,-4.387572166,1,5_6
269,AS,digitate,-4.124323205,0,5_6
271,AS,digitate,-3.615396829,0,5_6
272,AS,digitate,-5.817050012,1,5_6
274,AS,digitate,-3.972578294,1,5_6
275,AS,digitate,-2.96963484,1,5_6
277,AS,digitate,-2.931947513,0,5_6
278,AS,digitate,-2.62076041,0,5_6
280,AS,digitate,-3.488521836,0,5_6
281,AS,digitate,-3.897080699,0,5_6
282,AS,digitate,-4.43519432,0,5_6
283,AS,digitate,-4.122613918,0,5_6
284,AS,digitate,-3.482386036,1,5_6
285,AS,digitate,-4.087965822,0,5_6
286,AS,digitate,-3.296955418,0,5_6
288,AS,digitate,-4.511497408,0,5_6
289,AS,digitate,-4.661843498,0,5_6
290,AS,digitate,-2.530928711,0,5_6
291,AS,digitate,-3.872669892,0,5_6
292,AS,digitate,-4.318687791,1,5_6
293,AS,digitate,-3.153836831,0,5_6
294,AS,digitate,-3.96476409,0,5_6
297,AS,digitate,-3.380045158,0,5_6
298,GP,massive,-4.239591616,0,3_4
299,GP,massive,-4.711388383,0,3_4
300,GP,massive,-5.986264314,0,3_4
301,GP,massive,-4.870430244,0,3_4
302,GP,massive,-5.163476769,0,3_4
303,GP,massive,-6.157316312,1,3_4
304,GP,massive,-4.853504484,0,3_4
306,GP,massive,-5.257534507,0,3_4
307,GP,massive,-4.079824753,0,3_4
308,GP,massive,-5.236218546,0,3_4
309,GP,massive,-6.42010326,0,3_4
310,GP,massive,-4.840781584,0,3_4
311,GP,massive,-4.953514808,0,3_4
312,GP,massive,-4.973560508,0,3_4
313,GP,massive,-5.005830757,0,3_4
314,GP,massive,-3.67407145,0,3_4
315,GP,massive,-4.630745113,0,3_4
316,GP,massive,-4.927342032,0,3_4
318,GP,massive,-4.416099119,0,3_4
319,GP,massive,-5.197357288,0,3_4
321,GP,massive,-5.076338035,0,3_4
324,GP,massive,-5.377543867,0,3_4
325,GP,massive,-3.569311201,0,3_4
326,GP,massive,-4.31849168,0,3_4
327,GP,massive,-5.948439588,0,3_4
298,GP,massive,-4.293095943,0,4_5
299,GP,massive,-4.843070123,0,4_5
300,GP,massive,-5.676836919,0,4_5
301,GP,massive,-4.452328482,0,4_5
302,GP,massive,-5.181251174,0,4_5
304,GP,massive,-5.053768722,0,4_5
306,GP,massive,-5.027063013,0,4_5
307,GP,massive,-3.996348836,0,4_5
308,GP,massive,-5.112591203,0,4_5
309,GP,massive,-5.451518267,0,4_5
310,GP,massive,-4.547475162,0,4_5
311,GP,massive,-4.574113643,0,4_5
312,GP,massive,-5.033222323,0,4_5
313,GP,massive,-4.873405034,0,4_5
314,GP,massive,-3.851430025,0,4_5
315,GP,massive,-4.51932975,0,4_5
316,GP,massive,-4.575726851,0,4_5
318,GP,massive,-4.168495011,0,4_5
319,GP,massive,-5.163329801,0,4_5
321,GP,massive,-5.086740458,0,4_5
324,GP,massive,-5.443294001,0,4_5
325,GP,massive,-3.729664112,0,4_5
326,GP,massive,-3.999130931,0,4_5
327,GP,massive,-5.945362515,0,4_5
298,GP,massive,-5.082893134,0,5_6
299,GP,massive,-4.817082497,0,5_6
300,GP,massive,-6.456811915,0,5_6
301,GP,massive,-4.953113894,0,5_6
302,GP,massive,-4.897648095,0,5_6
304,GP,massive,-4.751195681,0,5_6
305,GP,massive,-4.270945626,0,5_6
306,GP,massive,-4.785098408,0,5_6
307,GP,massive,-4.106889879,0,5_6
308,GP,massive,-5.162450271,0,5_6
309,GP,massive,-5.993534044,0,5_6
311,GP,massive,-5.021017081,0,5_6
312,GP,massive,-5.072785894,0,5_6
313,GP,massive,-4.839424886,0,5_6
314,GP,massive,-3.832235182,0,5_6
315,GP,massive,-4.592063527,0,5_6
316,GP,massive,-4.608603777,1,5_6
318,GP,massive,-4.29662668,0,5_6
319,GP,massive,-5.314924971,0,5_6
321,GP,massive,-5.289800104,0,5_6
323,GP,massive,-6.664152824,1,5_6
325,GP,massive,-3.813250123,0,5_6
326,GP,massive,-4.271302329,0,5_6
327,GP,massive,-5.639911742,1,5_6
331,GR,massive,-5.61734336,0,3_4
332,GR,massive,-3.204405685,0,3_4
333,GR,massive,-5.596184393,0,3_4
334,GR,massive,-5.43318635,1,3_4
335,GR,massive,-2.979460805,0,3_4
336,GR,massive,-3.852371808,0,3_4
337,GR,massive,-3.62025223,0,3_4
338,GR,massive,-3.972333989,0,3_4
339,GR,massive,-3.972053819,0,3_4
340,GR,massive,-4.048417571,0,3_4
341,GR,massive,-3.079496389,0,3_4
342,GR,massive,-4.036901885,0,3_4
343,GR,massive,-4.002468257,0,3_4
344,GR,massive,-3.880780142,0,3_4
345,GR,massive,-3.946633421,0,3_4
346,GR,massive,-3.820763926,0,3_4
347,GR,massive,-3.796025598,0,3_4
349,GR,massive,-4.948842404,0,3_4
350,GR,massive,-2.625039313,0,3_4
351,GR,massive,-6.262721043,0,3_4
352,GR,massive,-3.729239495,0,3_4
353,GR,massive,-4.482298266,0,3_4
354,GR,massive,-4.667370125,0,3_4
355,GR,massive,-3.086422082,0,3_4
356,GR,massive,-4.769147418,0,3_4
357,GR,massive,-4.682598214,0,3_4
358,GR,massive,-2.419099236,0,3_4
359,GR,massive,-3.900945919,0,3_4
360,GR,massive,-3.717830307,0,3_4
331,GR,massive,-5.617496688,0,4_5
332,GR,massive,-3.109993923,0,4_5
333,GR,massive,-5.390258428,0,4_5
335,GR,massive,-2.733067101,0,4_5
336,GR,massive,-3.687417096,0,4_5
337,GR,massive,-3.552552578,0,4_5
338,GR,massive,-3.783227541,0,4_5
339,GR,massive,-4.618845231,0,4_5
340,GR,massive,-4.333505355,0,4_5
341,GR,massive,-3.394247056,0,4_5
342,GR,massive,-4.09512007,0,4_5
343,GR,massive,-3.915125066,0,4_5
344,GR,massive,-4.044727158,0,4_5
345,GR,massive,-4.066697603,0,4_5
346,GR,massive,-3.970585413,0,4_5
347,GR,massive,-3.922551541,0,4_5
349,GR,massive,-4.818211621,0,4_5
350,GR,massive,-3.641925786,0,4_5
351,GR,massive,-6.249720903,0,4_5
352,GR,massive,-3.662811046,0,4_5
353,GR,massive,-4.815293922,0,4_5
354,GR,massive,-4.184013264,0,4_5
355,GR,massive,-2.981920518,0,4_5
356,GR,massive,-4.886248925,0,4_5
357,GR,massive,-4.594214047,0,4_5
358,GR,massive,-2.246171739,0,4_5
359,GR,massive,-3.832509475,0,4_5
360,GR,massive,-4.141664108,0,4_5
361,GR,massive,-5.332596946,0,4_5
332,GR,massive,-3.115221981,0,5_6
333,GR,massive,-5.308524469,0,5_6
335,GR,massive,-3.277907006,0,5_6
337,GR,massive,-3.994661465,0,5_6
338,GR,massive,-3.652998815,0,5_6
339,GR,massive,-5.017889413,0,5_6
340,GR,massive,-3.998334429,0,5_6
341,GR,massive,-3.108180393,0,5_6
342,GR,massive,-4.002061663,0,5_6
343,GR,massive,-4.049166643,0,5_6
344,GR,massive,-4.153385617,0,5_6
345,GR,massive,-3.71127517,0,5_6
346,GR,massive,-4.139770004,0,5_6
347,GR,massive,-4.214354553,0,5_6
348,GR,massive,-4.855534241,0,5_6
349,GR,massive,-5.710627361,1,5_6
350,GR,massive,-3.700836712,0,5_6
351,GR,massive,-7.264765199,1,5_6
353,GR,massive,-4.635294945,1,5_6
354,GR,massive,-4.065630923,0,5_6
355,GR,massive,-2.990455759,0,5_6
356,GR,massive,-5.909467856,0,5_6
358,GR,massive,-2.14228468,0,5_6
359,GR,massive,-3.920693818,0,5_6
360,GR,massive,-4.290230694,0,5_6
361,GR,massive,-5.023477603,0,5_6