"","campaign","observer","site","transect","species","intercept_cm"
"623",2011,"ahb","North Reef",1,"Acropora hyacinthus",60
"624",2011,"ahb","North Reef",1,"Acropora hyacinthus",25
"625",2011,"ahb","North Reef",1,"Acropora hyacinthus",35
"626",2011,"ahb","North Reef",1,"Acropora hyacinthus",85
"627",2011,"ahb","North Reef",1,"Acropora hyacinthus",22
"628",2011,"ahb","North Reef",1,"Acropora hyacinthus",15
"629",2011,"ahb","North Reef",1,"Acropora valida",6
"630",2011,"ahb","North Reef",1,"Acropora cytherea",139
"631",2011,"ahb","North Reef",1,"Sinularia spp",14
"632",2011,"ahb","North Reef",1,"Montipora verrucosa",22
"633",2011,"ahb","North Reef",1,"Dipsastraea pallida",8
"634",2011,"ahb","North Reef",1,"Pocillopora verrucosa",12
"635",2011,"ahb","North Reef",2,"Acropora hyacinthus",62
"636",2011,"ahb","North Reef",2,"Acropora hyacinthus",46
"637",2011,"ahb","North Reef",2,"Acropora hyacinthus",77
"638",2011,"ahb","North Reef",2,"Acropora hyacinthus",45
"639",2011,"ahb","North Reef",2,"Acropora hyacinthus",24
"640",2011,"ahb","North Reef",2,"Acropora valida",18
"641",2011,"ahb","North Reef",2,"Acropora florida",35
"642",2011,"ahb","North Reef",2,"Acropora humilis",10
"643",2011,"ahb","North Reef",2,"Pocillopora eydouxi",15
"644",2011,"ahb","North Reef",2,"Acropora fat_digitifera",10
"645",2011,"ahb","North Reef",2,"Montipora peltiformis",12
"646",2011,"ahb","North Reef",3,"Acropora hyacinthus",35
"647",2011,"ahb","North Reef",3,"Acropora hyacinthus",71
"648",2011,"ahb","North Reef",3,"Acropora hyacinthus",40
"649",2011,"ahb","North Reef",3,"Pocillopora verrucosa",8
"650",2011,"ahb","North Reef",3,"Acropora florida",50
"651",2011,"ahb","North Reef",3,"Pocillopora eydouxi",12
"652",2011,"ahb","North Reef",3,"Pocillopora eydouxi",35
"653",2011,"ahb","North Reef",3,"Acropora nasuta",10
"654",2011,"ahb","North Reef",3,"Acropora spathulata",12
"655",2011,"ahb","North Reef",3,"Acropora intermedia",6
"656",2011,"ahb","North Reef",3,"Montipora foveolata",31
"657",2011,"ahb","North Reef",4,"Acropora hyacinthus",15
"658",2011,"ahb","North Reef",4,"Acropora hyacinthus",10
"659",2011,"ahb","North Reef",4,"Sinularia spp",10
"660",2011,"ahb","North Reef",4,"Dipsastraea pallida",7
"661",2011,"ahb","North Reef",4,"Pocillopora verrucosa",18
"662",2011,"ahb","North Reef",4,"Acropora secale",22
"663",2011,"ahb","North Reef",4,"Porites massive",25
"664",2011,"ahb","North Reef",5,"Acropora hyacinthus",30
"665",2011,"ahb","North Reef",5,"Acropora hyacinthus",30
"666",2011,"ahb","North Reef",5,"Acropora hyacinthus",35
"667",2011,"ahb","North Reef",5,"Dipsastraea pallida",11
"668",2011,"ahb","North Reef",5,"Acropora valida",21
"669",2011,"ahb","North Reef",5,"Acropora valida",17
"670",2011,"ahb","North Reef",5,"Pocillopora eydouxi",30
"671",2011,"ahb","North Reef",5,"Acropora fat_digitifera",18
"672",2011,"ahb","North Reef",5,"Porites massive",16
"673",2011,"ahb","North Reef",5,"Porites massive",21
"674",2011,"ahb","North Reef",5,"Montipora monasteriata",35
"675",2011,"ahb","North Reef",5,"Goniastrea pectinata",21
"676",2011,"ahb","North Reef",6,"Acropora hyacinthus",22
"677",2011,"ahb","North Reef",6,"Acropora hyacinthus",12
"678",2011,"ahb","North Reef",6,"Acropora humilis",13
"679",2011,"ahb","North Reef",6,"Acropora humilis",5
"680",2011,"ahb","North Reef",6,"Pocillopora eydouxi",15
"681",2011,"ahb","North Reef",6,"Acropora spathulata",8
"682",2011,"ahb","North Reef",6,"Acropora spathulata",18
"683",2011,"ahb","North Reef",6,"Acropora spathulata",26
"684",2011,"ahb","North Reef",6,"Pocillopora damicornis",16
"685",2011,"ahb","North Reef",6,"Acropora gemmifera",35
"686",2011,"ahb","North Reef",7,"Acropora hyacinthus",18
"687",2011,"ahb","North Reef",7,"Acropora hyacinthus",41
"688",2011,"ahb","North Reef",7,"Acropora hyacinthus",45
"689",2011,"ahb","North Reef",7,"Acropora hyacinthus",41
"690",2011,"ahb","North Reef",7,"Acropora hyacinthus",32
"691",2011,"ahb","North Reef",7,"Acropora hyacinthus",14
"692",2011,"ahb","North Reef",7,"Acropora hyacinthus",10
"693",2011,"ahb","North Reef",7,"Acropora cytherea",30
"694",2011,"ahb","North Reef",7,"Dipsastraea pallida",11
"695",2011,"ahb","North Reef",7,"Pocillopora verrucosa",11
"696",2011,"ahb","North Reef",7,"Pocillopora verrucosa",8
"697",2011,"ahb","North Reef",7,"Acropora valida",13
"698",2011,"ahb","North Reef",7,"Acropora humilis",20
"699",2011,"ahb","North Reef",7,"Acropora fat_digitifera",12
"700",2011,"ahb","North Reef",7,"Acropora spathulata",21
"701",2011,"ahb","North Reef",7,"Acropora spathulata",14
"702",2011,"ahb","North Reef",7,"Montipora informis",8
"703",2011,"ahb","North Reef",7,"Acropora secale",11
"704",2011,"ahb","Lizard Head",1,"Acropora muricata",12
"705",2011,"ahb","Lizard Head",1,"Isopora palifera",6
"706",2011,"ahb","Lizard Head",1,"Pocillopora verrucosa",8
"707",2011,"ahb","Lizard Head",1,"Pocillopora verrucosa",5
"708",2011,"ahb","Lizard Head",1,"Pocillopora verrucosa",12
"709",2011,"ahb","Lizard Head",1,"Sarcophytum spp",11
"710",2011,"ahb","Lizard Head",1,"Sarcophytum spp",8
"711",2011,"ahb","Lizard Head",1,"Montipora monasteriata",8
"712",2011,"ahb","Lizard Head",1,"Montipora monasteriata",6
"713",2011,"ahb","Lizard Head",1,"Acropora monticulosa",15
"714",2011,"ahb","Lizard Head",1,"Acropora fat_digitifera",14
"715",2011,"ahb","Lizard Head",1,"Millepora spp",18
"716",2011,"ahb","Lizard Head",1,"Sinularia spp",5
"717",2011,"ahb","Lizard Head",1,"Sinularia spp",27
"718",2011,"ahb","Lizard Head",1,"Acropora humilis",18
"719",2011,"ahb","Lizard Head",2,"Acropora fat_digitifera",6
"720",2011,"ahb","Lizard Head",2,"Sinularia spp",310
"721",2011,"ahb","Lizard Head",2,"Acropora spathulata",25
"722",2011,"ahb","Lizard Head",2,"Acropora gemmifera",17
"723",2011,"ahb","Lizard Head",2,"Acropora gemmifera",8
"724",2011,"ahb","Lizard Head",2,"Pocillopora eydouxi",12
"725",2011,"ahb","Lizard Head",2,"Favites halicora",8
"726",2011,"ahb","Lizard Head",3,"Isopora palifera",12
"727",2011,"ahb","Lizard Head",3,"Pocillopora verrucosa",13
"728",2011,"ahb","Lizard Head",3,"Pocillopora verrucosa",11
"729",2011,"ahb","Lizard Head",3,"Acropora monticulosa",42
"730",2011,"ahb","Lizard Head",3,"Acropora monticulosa",30
"731",2011,"ahb","Lizard Head",3,"Favites halicora",10
"732",2011,"ahb","Lizard Head",3,"Dipsastraea matthaii",16
"733",2011,"ahb","Lizard Head",3,"Porites massive",10
"734",2011,"ahb","Lizard Head",3,"Porites massive",8
"735",2011,"ahb","Lizard Head",4,"Acropora muricata",8
"736",2011,"ahb","Lizard Head",4,"Isopora palifera",22
"737",2011,"ahb","Lizard Head",4,"Pocillopora verrucosa",8
"738",2011,"ahb","Lizard Head",4,"Sarcophytum spp",16
"739",2011,"ahb","Lizard Head",4,"Acropora fat_digitifera",11
"740",2011,"ahb","Lizard Head",4,"Acropora fat_digitifera",14
"741",2011,"ahb","Lizard Head",4,"Acropora fat_digitifera",9
"742",2011,"ahb","Lizard Head",4,"Acropora fat_digitifera",6
"743",2011,"ahb","Lizard Head",4,"Acropora humilis",6
"744",2011,"ahb","Lizard Head",4,"Pocillopora eydouxi",11
"745",2011,"ahb","Lizard Head",4,"Pocillopora eydouxi",41
"746",2011,"ahb","Lizard Head",4,"Pocillopora eydouxi",25
"747",2011,"ahb","Lizard Head",4,"Pocillopora damicornis",5
"748",2011,"ahb","Lizard Head",4,"Acropora valida",8
"749",2011,"ahb","Lizard Head",5,"Montipora monasteriata",12
"750",2011,"ahb","Lizard Head",5,"Acropora fat_digitifera",8
"751",2011,"ahb","Lizard Head",5,"Acropora fat_digitifera",12
"752",2011,"ahb","Lizard Head",5,"Sinularia spp",35
"753",2011,"ahb","Lizard Head",5,"Pocillopora eydouxi",40
"754",2011,"ahb","Lizard Head",5,"Pocillopora eydouxi",15
"755",2011,"ahb","Lizard Head",5,"Pocillopora eydouxi",22
"756",2011,"ahb","Lizard Head",5,"Porites massive",8
"757",2011,"ahb","Lizard Head",5,"Pocillopora damicornis",11
"758",2011,"ahb","Lizard Head",5,"Dipsastraea pallida",6
"759",2011,"ahb","Lizard Head",5,"Goniastrea edwardsi",10
"760",2011,"ahb","Lizard Head",5,"Acropora nasuta",8
"761",2011,"ahb","Lizard Head",5,"Acropora gemmifera",9
"762",2011,"ahb","Lizard Head",6,"Pocillopora verrucosa",12
"763",2011,"ahb","Lizard Head",6,"Pocillopora verrucosa",15
"764",2011,"ahb","Lizard Head",6,"Pocillopora verrucosa",18
"765",2011,"ahb","Lizard Head",6,"Pocillopora verrucosa",8
"766",2011,"ahb","Lizard Head",6,"Acropora fat_digitifera",13
"767",2011,"ahb","Lizard Head",6,"Sinularia spp",8
"768",2011,"ahb","Lizard Head",6,"Dipsastraea matthaii",12
"769",2011,"ahb","Lizard Head",6,"Pocillopora damicornis",8
"770",2011,"ahb","Lizard Head",6,"Acropora valida",10
"771",2011,"ahb","Lizard Head",6,"Acropora gemmifera",21
"772",2011,"ahb","Lizard Head",6,"Acropora hyacinthus",45
"773",2011,"ahb","Lizard Head",6,"Montipora foveolata",16
"774",2011,"ahb","Trimodal",1,"Acropora hyacinthus",25
"775",2011,"ahb","Trimodal",1,"Acropora hyacinthus",21
"776",2011,"ahb","Trimodal",1,"Acropora hyacinthus",35
"777",2011,"ahb","Trimodal",1,"Isopora palifera",9
"778",2011,"ahb","Trimodal",1,"Isopora palifera",8
"779",2011,"ahb","Trimodal",1,"Isopora palifera",14
"780",2011,"ahb","Trimodal",1,"Isopora palifera",18
"781",2011,"ahb","Trimodal",1,"Isopora palifera",8
"782",2011,"ahb","Trimodal",1,"Favites halicora",10
"783",2011,"ahb","Trimodal",1,"Goniastrea retiformis",8
"784",2011,"ahb","Trimodal",1,"Goniastrea retiformis",10
"785",2011,"ahb","Trimodal",1,"Sinularia spp",32
"786",2011,"ahb","Trimodal",1,"Sinularia spp",20
"787",2011,"ahb","Trimodal",1,"Sinularia spp",15
"788",2011,"ahb","Trimodal",1,"Sarcophytum spp",18
"789",2011,"ahb","Trimodal",1,"Acropora fat_digitifera",11
"790",2011,"ahb","Trimodal",1,"Acropora fat_digitifera",10
"791",2011,"ahb","Trimodal",1,"Acropora fat_digitifera",15
"792",2011,"ahb","Trimodal",1,"Porites massive",8
"793",2011,"ahb","Trimodal",1,"Acropora intermedia",95
"794",2011,"ahb","Trimodal",1,"Turbinaria stellulata",19
"795",2011,"ahb","Trimodal",1,"Acropora tall_monticulosa",16
"796",2011,"ahb","Trimodal",2,"Acropora hyacinthus",55
"797",2011,"ahb","Trimodal",2,"Acropora hyacinthus",35
"798",2011,"ahb","Trimodal",2,"Acropora hyacinthus",18
"799",2011,"ahb","Trimodal",2,"Isopora palifera",6
"800",2011,"ahb","Trimodal",2,"Isopora palifera",15
"801",2011,"ahb","Trimodal",2,"Isopora palifera",10
"802",2011,"ahb","Trimodal",2,"Isopora palifera",10
"803",2011,"ahb","Trimodal",2,"Isopora palifera",12
"804",2011,"ahb","Trimodal",2,"Goniastrea retiformis",5
"805",2011,"ahb","Trimodal",2,"Acropora fat_digitifera",20
"806",2011,"ahb","Trimodal",2,"Acropora fat_digitifera",12
"807",2011,"ahb","Trimodal",2,"Acropora intermedia",30
"808",2011,"ahb","Trimodal",2,"Acropora millepora",9
"809",2011,"ahb","Trimodal",2,"Acropora nasuta",16
"810",2011,"ahb","Trimodal",2,"Pocillopora damicornis",2
"811",2011,"ahb","Trimodal",2,"Echinopora lamellosa",6
"812",2011,"ahb","Trimodal",2,"Acropora valida",10
"813",2011,"ahb","Trimodal",2,"Montipora grisea",22
"814",2011,"ahb","Trimodal",2,"Montipora grisea",5
"815",2011,"ahb","Trimodal",2,"Millepora spp",6
"816",2011,"ahb","Trimodal",2,"Acropora humilis",10
"817",2011,"ahb","Trimodal",2,"Acropora humilis",6
"818",2011,"ahb","Trimodal",2,"Platygyra daedalea",5
"819",2011,"ahb","Trimodal",2,"Astrea curta",8
"820",2011,"ahb","Trimodal",3,"Acropora hyacinthus",30
"821",2011,"ahb","Trimodal",3,"Acropora hyacinthus",24
"822",2011,"ahb","Trimodal",3,"Isopora palifera",13
"823",2011,"ahb","Trimodal",3,"Isopora palifera",6
"824",2011,"ahb","Trimodal",3,"Isopora palifera",6
"825",2011,"ahb","Trimodal",3,"Isopora palifera",5
"826",2011,"ahb","Trimodal",3,"Isopora palifera",12
"827",2011,"ahb","Trimodal",3,"Favites halicora",6
"828",2011,"ahb","Trimodal",3,"Sarcophytum spp",26
"829",2011,"ahb","Trimodal",3,"Sarcophytum spp",10
"830",2011,"ahb","Trimodal",3,"Sarcophytum spp",9
"831",2011,"ahb","Trimodal",3,"Sarcophytum spp",10
"832",2011,"ahb","Trimodal",3,"Sarcophytum spp",12
"833",2011,"ahb","Trimodal",3,"Sarcophytum spp",9
"834",2011,"ahb","Trimodal",3,"Acropora fat_digitifera",11
"835",2011,"ahb","Trimodal",3,"Acropora fat_digitifera",13
"836",2011,"ahb","Trimodal",3,"Acropora fat_digitifera",12
"837",2011,"ahb","Trimodal",3,"Acropora fat_digitifera",25
"838",2011,"ahb","Trimodal",3,"Acropora nasuta",12
"839",2011,"ahb","Trimodal",3,"Pocillopora damicornis",21
"840",2011,"ahb","Trimodal",3,"Platygyra daedalea",16
"841",2011,"ahb","Trimodal",3,"Lobophytum spp",11
"842",2011,"ahb","Trimodal",3,"Goniastrea edwardsi",18
"843",2011,"ahb","Trimodal",3,"Dipsastraea rotundata",16
"844",2011,"ahb","Trimodal",3,"Pocillopora verrucosa",19
"845",2011,"ahb","Trimodal",3,"Pocillopora verrucosa",13
"846",2011,"ahb","Trimodal",3,"Favites abdita",9
"847",2011,"ahb","Trimodal",4,"Acropora hyacinthus",19
"848",2011,"ahb","Trimodal",4,"Acropora hyacinthus",11
"849",2011,"ahb","Trimodal",4,"Acropora hyacinthus",15
"850",2011,"ahb","Trimodal",4,"Acropora hyacinthus",12
"851",2011,"ahb","Trimodal",4,"Acropora hyacinthus",52
"852",2011,"ahb","Trimodal",4,"Acropora hyacinthus",25
"853",2011,"ahb","Trimodal",4,"Isopora palifera",15
"854",2011,"ahb","Trimodal",4,"Isopora palifera",6
"855",2011,"ahb","Trimodal",4,"Isopora palifera",21
"856",2011,"ahb","Trimodal",4,"Isopora palifera",10
"857",2011,"ahb","Trimodal",4,"Isopora palifera",11
"858",2011,"ahb","Trimodal",4,"Isopora palifera",6
"859",2011,"ahb","Trimodal",4,"Isopora palifera",8
"860",2011,"ahb","Trimodal",4,"Isopora palifera",10
"861",2011,"ahb","Trimodal",4,"Isopora palifera",13
"862",2011,"ahb","Trimodal",4,"Isopora palifera",6
"863",2011,"ahb","Trimodal",4,"Isopora palifera",39
"864",2011,"ahb","Trimodal",4,"Goniastrea retiformis",21
"865",2011,"ahb","Trimodal",4,"Goniastrea retiformis",9
"866",2011,"ahb","Trimodal",4,"Acropora fat_digitifera",24
"867",2011,"ahb","Trimodal",4,"Acropora fat_digitifera",10
"868",2011,"ahb","Trimodal",4,"Acropora fat_digitifera",13
"869",2011,"ahb","Trimodal",4,"Porites massive",12
"870",2011,"ahb","Trimodal",4,"Acropora gemmifera",18
"871",2011,"ahb","Trimodal",4,"Pocillopora damicornis",21
"872",2011,"ahb","Trimodal",4,"Pocillopora damicornis",10
"873",2011,"ahb","Trimodal",4,"Pocillopora damicornis",12
"874",2011,"ahb","Trimodal",4,"Pocillopora verrucosa",10
"875",2011,"ahb","Trimodal",4,"Stylophora pistillata",6
"876",2011,"ahb","Trimodal",4,"Cyphastrea microphthalma",8
"877",2011,"ahb","Trimodal",4,"Acropora monticulosa",35
"878",2011,"ahb","Trimodal",4,"Pocillopora eydouxi",35
"879",2011,"ahb","Trimodal",5,"Acropora hyacinthus",13
"880",2011,"ahb","Trimodal",5,"Acropora hyacinthus",20
"881",2011,"ahb","Trimodal",5,"Isopora palifera",11
"882",2011,"ahb","Trimodal",5,"Isopora palifera",8
"883",2011,"ahb","Trimodal",5,"Isopora palifera",13
"884",2011,"ahb","Trimodal",5,"Favites halicora",9
"885",2011,"ahb","Trimodal",5,"Goniastrea retiformis",8
"886",2011,"ahb","Trimodal",5,"Goniastrea retiformis",11
"887",2011,"ahb","Trimodal",5,"Acropora fat_digitifera",26
"888",2011,"ahb","Trimodal",5,"Acropora fat_digitifera",18
"889",2011,"ahb","Trimodal",5,"Acropora fat_digitifera",8
"890",2011,"ahb","Trimodal",5,"Acropora fat_digitifera",12
"891",2011,"ahb","Trimodal",5,"Porites massive",10
"892",2011,"ahb","Trimodal",5,"Acropora intermedia",22
"893",2011,"ahb","Trimodal",5,"Acropora nasuta",20
"894",2011,"ahb","Trimodal",5,"Pocillopora damicornis",28
"895",2011,"ahb","Trimodal",5,"Acropora valida",6
"896",2011,"ahb","Trimodal",5,"Acropora valida",6
"897",2011,"ahb","Trimodal",5,"Platygyra daedalea",8
"898",2011,"ahb","Trimodal",5,"Lobophytum spp",24
"899",2011,"ahb","Trimodal",5,"Acropora monticulosa",36
"900",2011,"ahb","Trimodal",6,"Acropora hyacinthus",15
"901",2011,"ahb","Trimodal",6,"Acropora hyacinthus",32
"902",2011,"ahb","Trimodal",6,"Acropora hyacinthus",13
"903",2011,"ahb","Trimodal",6,"Acropora hyacinthus",29
"904",2011,"ahb","Trimodal",6,"Acropora hyacinthus",20
"905",2011,"ahb","Trimodal",6,"Acropora hyacinthus",23
"906",2011,"ahb","Trimodal",6,"Isopora palifera",24
"907",2011,"ahb","Trimodal",6,"Isopora palifera",22
"908",2011,"ahb","Trimodal",6,"Goniastrea retiformis",6
"909",2011,"ahb","Trimodal",6,"Goniastrea retiformis",18
"910",2011,"ahb","Trimodal",6,"Goniastrea retiformis",32
"911",2011,"ahb","Trimodal",6,"Goniastrea retiformis",18
"912",2011,"ahb","Trimodal",6,"Sarcophytum spp",10
"913",2011,"ahb","Trimodal",6,"Sarcophytum spp",20
"914",2011,"ahb","Trimodal",6,"Acropora fat_digitifera",16
"915",2011,"ahb","Trimodal",6,"Acropora fat_digitifera",10
"916",2011,"ahb","Trimodal",6,"Acropora spathulata",42
"917",2011,"ahb","Trimodal",6,"Pocillopora damicornis",6
"918",2011,"ahb","Trimodal",6,"Montipora grisea",8
"919",2011,"ahb","Trimodal",6,"Pocillopora verrucosa",31
"920",2011,"ahb","Trimodal",6,"Lobophyllia radians",20
"921",2011,"ahb","Lagoon 1",1,"Sarcophytum spp",17
"922",2011,"ahb","Lagoon 1",1,"Sarcophytum spp",9
"923",2011,"ahb","Lagoon 1",1,"Sarcophytum spp",8
"924",2011,"ahb","Lagoon 1",1,"Sarcophytum spp",13
"925",2011,"ahb","Lagoon 1",1,"Sarcophytum spp",15
"926",2011,"ahb","Lagoon 1",1,"Sarcophytum spp",10
"927",2011,"ahb","Lagoon 1",1,"Sarcophytum spp",20
"928",2011,"ahb","Lagoon 1",1,"Sarcophytum spp",12
"929",2011,"ahb","Lagoon 1",1,"Sarcophytum spp",9
"930",2011,"ahb","Lagoon 1",1,"Acropora valida",5
"931",2011,"ahb","Lagoon 1",1,"Acropora valida",6
"932",2011,"ahb","Lagoon 1",1,"Porites massive",22
"933",2011,"ahb","Lagoon 1",1,"Porites massive",5
"934",2011,"ahb","Lagoon 1",1,"Sinularia spp",13
"935",2011,"ahb","Lagoon 1",1,"Ctenactis echinata",22
"936",2011,"ahb","Lagoon 1",1,"Ctenactis echinata",12
"937",2011,"ahb","Lagoon 1",1,"Psammocora contigua",23
"938",2011,"ahb","Lagoon 1",1,"Psammocora contigua",9
"939",2011,"ahb","Lagoon 1",1,"Psammocora contigua",8
"940",2011,"ahb","Lagoon 1",1,"Psammocora contigua",5
"941",2011,"ahb","Lagoon 1",1,"Psammocora contigua",8
"942",2011,"ahb","Lagoon 1",1,"Seriatopora hystrix",15
"943",2011,"ahb","Lagoon 1",1,"Porites annae",16
"944",2011,"ahb","Lagoon 1",1,"Pocillopora damicornis",14
"945",2011,"ahb","Lagoon 1",1,"Goniopora spp",11
"946",2011,"ahb","Lagoon 1",2,"Sarcophytum spp",13
"947",2011,"ahb","Lagoon 1",2,"Acropora valida",8
"948",2011,"ahb","Lagoon 1",2,"Acropora valida",7
"949",2011,"ahb","Lagoon 1",2,"Psammocora contigua",5
"950",2011,"ahb","Lagoon 1",2,"Porites annae",13
"951",2011,"ahb","Lagoon 1",2,"Pocillopora damicornis",5
"952",2011,"ahb","Lagoon 1",2,"Goniastrea retiformis",17
"953",2011,"ahb","Lagoon 1",2,"Goniastrea retiformis",11
"954",2011,"ahb","Lagoon 1",2,"Acropora nasuta",7
"955",2011,"ahb","Lagoon 1",2,"Favites halicora",6
"956",2011,"ahb","Lagoon 1",2,"Lobophyllia radians",32
"957",2011,"ahb","Lagoon 1",3,"Sarcophytum spp",8
"958",2011,"ahb","Lagoon 1",3,"Sarcophytum spp",5
"959",2011,"ahb","Lagoon 1",3,"Sarcophytum spp",25
"960",2011,"ahb","Lagoon 1",3,"Sarcophytum spp",8
"961",2011,"ahb","Lagoon 1",3,"Sarcophytum spp",7
"962",2011,"ahb","Lagoon 1",3,"Sarcophytum spp",10
"963",2011,"ahb","Lagoon 1",3,"Sarcophytum spp",8
"964",2011,"ahb","Lagoon 1",3,"Sarcophytum spp",12
"965",2011,"ahb","Lagoon 1",3,"Sarcophytum spp",16
"966",2011,"ahb","Lagoon 1",3,"Sarcophytum spp",25
"967",2011,"ahb","Lagoon 1",3,"Sarcophytum spp",6
"968",2011,"ahb","Lagoon 1",3,"Sarcophytum spp",11
"969",2011,"ahb","Lagoon 1",3,"Sarcophytum spp",12
"970",2011,"ahb","Lagoon 1",3,"Sarcophytum spp",14
"971",2011,"ahb","Lagoon 1",3,"Sarcophytum spp",11
"972",2011,"ahb","Lagoon 1",3,"Sarcophytum spp",8
"973",2011,"ahb","Lagoon 1",3,"Acropora valida",21
"974",2011,"ahb","Lagoon 1",3,"Pocillopora damicornis",15
"975",2011,"ahb","Lagoon 1",3,"Acropora nasuta",10
"976",2011,"ahb","Lagoon 1",3,"Acropora nasuta",13
"977",2011,"ahb","Lagoon 1",3,"Favites halicora",8
"978",2011,"ahb","Lagoon 1",3,"Coscinaraea columna",8
"979",2011,"ahb","Lagoon 1",3,"Coscinaraea columna",7
"980",2011,"ahb","Lagoon 1",3,"Coscinaraea columna",6
"981",2011,"ahb","Lagoon 1",3,"Heliopora spp",12
"982",2011,"ahb","Lagoon 1",3,"Heliopora spp",31
"983",2011,"ahb","Lagoon 1",3,"Heliopora spp",12
"984",2011,"ahb","Lagoon 1",3,"Heliopora spp",42
"985",2011,"ahb","Lagoon 1",3,"Dipsastraea pallida",9
"986",2011,"ahb","Lagoon 1",3,"Danafungia scruposa",8
"987",2011,"ahb","Lagoon 1",3,"Danafungia scruposa",9
"988",2011,"ahb","Lagoon 1",3,"Echinopora lamellosa",12
"989",2011,"ahb","Lagoon 1",3,"Echinopora lamellosa",25
"990",2011,"ahb","Lagoon 1",3,"Echinopora lamellosa",35
"991",2011,"ahb","Lagoon 1",4,"Sarcophytum spp",20
"992",2011,"ahb","Lagoon 1",4,"Porites massive",11
"993",2011,"ahb","Lagoon 1",4,"Porites massive",20
"994",2011,"ahb","Lagoon 1",4,"Porites massive",10
"995",2011,"ahb","Lagoon 1",4,"Porites massive",11
"996",2011,"ahb","Lagoon 1",4,"Sinularia spp",28
"997",2011,"ahb","Lagoon 1",4,"Sinularia spp",35
"998",2011,"ahb","Lagoon 1",4,"Sinularia spp",25
"999",2011,"ahb","Lagoon 1",4,"Sinularia spp",18
"1000",2011,"ahb","Lagoon 1",4,"Goniopora spp",6
"1001",2011,"ahb","Lagoon 1",4,"Favites halicora",22
"1002",2011,"ahb","Lagoon 1",4,"Favites halicora",8
"1003",2011,"ahb","Lagoon 1",4,"Coscinaraea columna",8
"1004",2011,"ahb","Lagoon 1",4,"Coscinaraea columna",5
"1005",2011,"ahb","Lagoon 1",4,"Coscinaraea columna",18
"1006",2011,"ahb","Lagoon 1",4,"Coscinaraea columna",5
"1007",2011,"ahb","Lagoon 1",4,"Acropora gemmifera",6
"1008",2011,"ahb","Lagoon 1",4,"Galaxea fascicularis",6
"1009",2011,"ahb","Lagoon 1",4,"Platygyra sinensis",25
"1010",2011,"ahb","Lagoon 1",4,"Echinopora horrida",16
"1011",2011,"ahb","Lagoon 1",4,"Porites cylindrica",8
"1012",2011,"ahb","Lagoon 1",4,"Porites cylindrica",10
"1013",2011,"ahb","Lagoon 1",4,"Porites cylindrica",9
"1014",2011,"ahb","Lagoon 1",4,"Porites rus",10
"1015",2011,"ahb","Lagoon 1",4,"Acropora tenuis",8
"1016",2011,"ahb","Lagoon 1",5,"Lithophyllon repanda",10
"1017",2011,"ahb","Lagoon 1",5,"Fungia fungites",8
"1018",2011,"ahb","Lagoon 1",5,"Porites massive",12
"1019",2011,"ahb","Lagoon 1",5,"Sinularia spp",12
"1020",2011,"ahb","Lagoon 1",5,"Turbinaria stellulata",7
"1021",2011,"ahb","Lagoon 1",5,"Porites annae",6
"1022",2011,"ahb","Lagoon 1",5,"Porites annae",7
"1023",2011,"ahb","Lagoon 1",5,"Goniopora spp",11
"1024",2011,"ahb","Lagoon 1",5,"Goniastrea retiformis",18
"1025",2011,"ahb","Lagoon 1",5,"Goniastrea retiformis",7
"1026",2011,"ahb","Lagoon 1",5,"Goniastrea retiformis",10
"1027",2011,"ahb","Lagoon 1",5,"Lobophyllia radians",12
"1028",2011,"ahb","Lagoon 1",5,"Coscinaraea columna",5
"1029",2011,"ahb","Lagoon 1",5,"Goniastrea favulus",16
"1030",2011,"ahb","Lagoon 1",5,"Galaxea fascicularis",8
"1031",2011,"ahb","Lagoon 1",5,"Porites cylindrica",9
"1032",2011,"ahb","Lagoon 1",5,"Porites cylindrica",9
"1033",2011,"ahb","Lagoon 1",5,"Porites cylindrica",10
"1034",2011,"ahb","Lagoon 1",6,"Sarcophytum spp",8
"1035",2011,"ahb","Lagoon 1",6,"Sarcophytum spp",13
"1036",2011,"ahb","Lagoon 1",6,"Sarcophytum spp",11
"1037",2011,"ahb","Lagoon 1",6,"Sarcophytum spp",6
"1038",2011,"ahb","Lagoon 1",6,"Sarcophytum spp",6
"1039",2011,"ahb","Lagoon 1",6,"Fungia fungites",6
"1040",2011,"ahb","Lagoon 1",6,"Porites massive",18
"1041",2011,"ahb","Lagoon 1",6,"Porites massive",7
"1042",2011,"ahb","Lagoon 1",6,"Porites massive",8
"1043",2011,"ahb","Lagoon 1",6,"Sinularia spp",6
"1044",2011,"ahb","Lagoon 1",6,"Sinularia spp",14
"1045",2011,"ahb","Lagoon 1",6,"Sinularia spp",10
"1046",2011,"ahb","Lagoon 1",6,"Sinularia spp",6
"1047",2011,"ahb","Lagoon 1",6,"Sinularia spp",18
"1048",2011,"ahb","Lagoon 1",6,"Sinularia spp",8
"1049",2011,"ahb","Lagoon 1",6,"Sinularia spp",6
"1050",2011,"ahb","Lagoon 1",6,"Sinularia spp",8
"1051",2011,"ahb","Lagoon 1",6,"Sinularia spp",11
"1052",2011,"ahb","Lagoon 1",6,"Sinularia spp",14
"1053",2011,"ahb","Lagoon 1",6,"Sinularia spp",12
"1054",2011,"ahb","Lagoon 1",6,"Sinularia spp",10
"1055",2011,"ahb","Lagoon 1",6,"Sinularia spp",8
"1056",2011,"ahb","Lagoon 1",6,"Sinularia spp",10
"1057",2011,"ahb","Lagoon 1",6,"Sinularia spp",12
"1058",2011,"ahb","Lagoon 1",6,"Sinularia spp",25
"1059",2011,"ahb","Lagoon 1",6,"Sinularia spp",18
"1060",2011,"ahb","Lagoon 1",6,"Sinularia spp",50
"1061",2011,"ahb","Lagoon 1",6,"Psammocora contigua",12
"1062",2011,"ahb","Lagoon 1",6,"Turbinaria stellulata",12
"1063",2011,"ahb","Lagoon 1",6,"Turbinaria stellulata",20
"1064",2011,"ahb","Lagoon 1",6,"Goniastrea retiformis",25
"1065",2011,"ahb","Lagoon 1",6,"Coeloseris mayeri",9
"1066",2011,"ahb","Lagoon 1",6,"Platygyra daedalea",14
"1067",2011,"ahb","Lagoon 1",6,"Platygyra daedalea",8
"1068",2011,"ahb","Lagoon 1",6,"Goniastrea favulus",8
"1069",2011,"ahb","Lagoon 1",6,"Goniastrea favulus",22
"1070",2011,"ahb","Lagoon 1",6,"Lobophyllia hemprichii",11
"1071",2011,"ahb","Lagoon 1",6,"Acropora spathulata",12
"1072",2011,"ahb","Lagoon 2",1,"Acropora horrida",350
"1073",2011,"ahb","Lagoon 2",1,"Porites cylindrica",55
"1074",2011,"ahb","Lagoon 2",1,"Hydnophora rigida",25
"1075",2011,"ahb","Lagoon 2",1,"Hydnophora rigida",15
"1076",2011,"ahb","Lagoon 2",1,"Hydnophora rigida",12
"1077",2011,"ahb","Lagoon 2",1,"Hydnophora rigida",14
"1078",2011,"ahb","Lagoon 2",2,"Hydnophora rigida",35
"1079",2011,"ahb","Lagoon 2",2,"Astreopora myriophthalma",5
"1080",2011,"ahb","Lagoon 2",2,"Astreopora myriophthalma",11
"1081",2011,"ahb","Lagoon 2",2,"Porites lichen",11
"1082",2011,"ahb","Lagoon 2",2,"Sarcophytum spp",6
"1083",2011,"ahb","Lagoon 2",2,"Sarcophytum spp",16
"1084",2011,"ahb","Lagoon 2",2,"Sarcophytum spp",12
"1085",2011,"ahb","Lagoon 2",2,"Sarcophytum spp",13
"1086",2011,"ahb","Lagoon 2",2,"Sarcophytum spp",15
"1087",2011,"ahb","Lagoon 2",2,"Pleuractis paumotensis",8
"1088",2011,"ahb","Lagoon 2",2,"Sinularia spp",22
"1089",2011,"ahb","Lagoon 2",2,"Sinularia spp",35
"1090",2011,"ahb","Lagoon 2",2,"Acropora tenuis",11
"1091",2011,"ahb","Lagoon 2",2,"Stylophora pistillata",20
"1092",2011,"ahb","Lagoon 2",2,"Dipsastraea lizardensis",72
"1093",2011,"ahb","Lagoon 2",3,"Hydnophora rigida",26
"1094",2011,"ahb","Lagoon 2",3,"Hydnophora rigida",17
"1095",2011,"ahb","Lagoon 2",3,"Sarcophytum spp",10
"1096",2011,"ahb","Lagoon 2",3,"Porites massive",10
"1097",2011,"ahb","Lagoon 2",3,"Coeloseris mayeri",32
"1098",2011,"ahb","Lagoon 2",3,"Acropora elseyi",115
"1099",2011,"ahb","Lagoon 2",3,"Echinopora horrida",8
"1100",2011,"ahb","Lagoon 2",3,"Acropora muricata",35
"1101",2011,"ahb","Lagoon 2",3,"Acropora muricata",80
"1102",2011,"ahb","Lagoon 2",3,"Acropora muricata",12
"1103",2011,"ahb","Lagoon 2",4,"Acropora horrida",120
"1104",2011,"ahb","Lagoon 2",4,"Acropora horrida",30
"1105",2011,"ahb","Lagoon 2",4,"Porites cylindrica",70
"1106",2011,"ahb","Lagoon 2",4,"Porites cylindrica",40
"1107",2011,"ahb","Lagoon 2",4,"Porites lichen",5
"1108",2011,"ahb","Lagoon 2",4,"Sinularia spp",12
"1109",2011,"ahb","Lagoon 2",4,"Sinularia spp",13
"1110",2011,"ahb","Lagoon 2",4,"Sinularia spp",35
"1111",2011,"ahb","Lagoon 2",4,"Sinularia spp",25
"1112",2011,"ahb","Lagoon 2",4,"Sinularia spp",10
"1113",2011,"ahb","Lagoon 2",4,"Sinularia spp",28
"1114",2011,"ahb","Lagoon 2",4,"Stylophora pistillata",22
"1115",2011,"ahb","Lagoon 2",4,"Porites massive",12
"1116",2011,"ahb","Lagoon 2",4,"Porites massive",40
"1117",2011,"ahb","Lagoon 2",4,"Porites massive",10
"1118",2011,"ahb","Lagoon 2",4,"Porites massive",11
"1119",2011,"ahb","Lagoon 2",4,"Echinopora horrida",35
"1120",2011,"ahb","Lagoon 2",4,"Lobophyllia hemprichii",15
"1121",2011,"ahb","Lagoon 2",4,"Acropora millepora",28
"1122",2011,"ahb","Lagoon 2",5,"Acropora horrida",120
"1123",2011,"ahb","Lagoon 2",5,"Acropora horrida",8
"1124",2011,"ahb","Lagoon 2",5,"Acropora horrida",30
"1125",2011,"ahb","Lagoon 2",5,"Porites lichen",12
"1126",2011,"ahb","Lagoon 2",5,"Porites lichen",11
"1127",2011,"ahb","Lagoon 2",5,"Porites lichen",8
"1128",2011,"ahb","Lagoon 2",5,"Porites lichen",16
"1129",2011,"ahb","Lagoon 2",5,"Porites lichen",24
"1130",2011,"ahb","Lagoon 2",5,"Porites lichen",25
"1131",2011,"ahb","Lagoon 2",5,"Porites lichen",30
"1132",2011,"ahb","Lagoon 2",5,"Porites lichen",80
"1133",2011,"ahb","Lagoon 2",5,"Sinularia spp",60
"1134",2011,"ahb","Lagoon 2",5,"Sinularia spp",12
"1135",2011,"ahb","Lagoon 2",5,"Porites massive",31
"1136",2011,"ahb","Lagoon 2",5,"Acropora nasuta",32
"1137",2011,"ahb","Lagoon 1",5,"Psammocora contigua",42
"1138",2011,"ahb","Lagoon 2",5,"Lithophyllon repanda",12
"1139",2011,"ahb","Lagoon 2",6,"Porites lichen",12
"1140",2011,"ahb","Lagoon 2",6,"Sarcophytum spp",15
"1141",2011,"ahb","Lagoon 2",6,"Sarcophytum spp",25
"1142",2011,"ahb","Lagoon 2",6,"Sarcophytum spp",35
"1143",2011,"ahb","Lagoon 2",6,"Sinularia spp",42
"1144",2011,"ahb","Lagoon 2",6,"Stylophora pistillata",8
"1145",2011,"ahb","Lagoon 2",6,"Porites massive",16
"1146",2011,"ahb","Lagoon 2",6,"Millepora spp",20
"1147",2011,"ahb","Lagoon 2",6,"Millepora spp",70
"1148",2011,"ahb","Lagoon 2",6,"Coscinaraea columna",12
"1149",2011,"ahb","Horseshoe",1,"Acropora muricata",220
"1150",2011,"ahb","Horseshoe",1,"Acropora muricata",30
"1151",2011,"ahb","Horseshoe",1,"Acropora muricata",12
"1152",2011,"ahb","Horseshoe",1,"Acropora muricata",50
"1153",2011,"ahb","Horseshoe",1,"Acropora austera",60
"1154",2011,"ahb","Horseshoe",1,"Acropora austera",15
"1155",2011,"ahb","Horseshoe",1,"Acropora hyacinthus",15
"1156",2011,"ahb","Horseshoe",1,"Acropora hyacinthus",18
"1157",2011,"ahb","Horseshoe",1,"Montipora grisea",31
"1158",2011,"ahb","Horseshoe",1,"Acropora gemmifera",12
"1159",2011,"ahb","Horseshoe",1,"Echinopora lamellosa",51
"1160",2011,"ahb","Horseshoe",1,"Sarcophytum spp",15
"1161",2011,"ahb","Horseshoe",1,"Sarcophytum spp",12
"1162",2011,"ahb","Horseshoe",1,"Sarcophytum spp",6
"1163",2011,"ahb","Horseshoe",1,"Sarcophytum spp",8
"1164",2011,"ahb","Horseshoe",1,"Sarcophytum spp",10
"1165",2011,"ahb","Horseshoe",1,"Sarcophytum spp",7
"1166",2011,"ahb","Horseshoe",1,"Montipora crassituberculata",13
"1167",2011,"ahb","Horseshoe",1,"Montipora crassituberculata",30
"1168",2011,"ahb","Horseshoe",1,"Montipora crassituberculata",30
"1169",2011,"ahb","Horseshoe",1,"Porites massive",60
"1170",2011,"ahb","Horseshoe",1,"Acropora nasuta",18
"1171",2011,"ahb","Horseshoe",1,"Sinularia spp",35
"1172",2011,"ahb","Horseshoe",2,"Acropora muricata",30
"1173",2011,"ahb","Horseshoe",2,"Acropora muricata",120
"1174",2011,"ahb","Horseshoe",2,"Porites massive",10
"1175",2011,"ahb","Horseshoe",2,"Porites massive",12
"1176",2011,"ahb","Horseshoe",2,"Porites massive",20
"1177",2011,"ahb","Horseshoe",2,"Sinularia spp",17
"1178",2011,"ahb","Horseshoe",2,"Sinularia spp",8
"1179",2011,"ahb","Horseshoe",2,"Sinularia spp",10
"1180",2011,"ahb","Horseshoe",2,"Sinularia spp",15
"1181",2011,"ahb","Horseshoe",2,"Sinularia spp",8
"1182",2011,"ahb","Horseshoe",2,"Sinularia spp",13
"1183",2011,"ahb","Horseshoe",2,"Acropora yongei",10
"1184",2011,"ahb","Horseshoe",2,"Acropora yongei",85
"1185",2011,"ahb","Horseshoe",2,"Acropora elseyi",70
"1186",2011,"ahb","Horseshoe",2,"Acropora tenuis",28
"1187",2011,"ahb","Horseshoe",2,"Montipora incrassata",42
"1188",2011,"ahb","Horseshoe",2,"Montipora incrassata",11
"1189",2011,"ahb","Horseshoe",2,"Acropora sarmentosa",6
"1190",2011,"ahb","Horseshoe",2,"Goniopora spp",8
"1191",2011,"ahb","Horseshoe",2,"Pocillopora damicornis",8
"1192",2011,"ahb","Horseshoe",2,"Isopora palifera",14
"1193",2011,"ahb","Horseshoe",3,"Sarcophytum spp",13
"1194",2011,"ahb","Horseshoe",3,"Sarcophytum spp",12
"1195",2011,"ahb","Horseshoe",3,"Porites massive",15
"1196",2011,"ahb","Horseshoe",3,"Porites massive",70
"1197",2011,"ahb","Horseshoe",3,"Porites massive",80
"1198",2011,"ahb","Horseshoe",3,"Porites massive",15
"1199",2011,"ahb","Horseshoe",3,"Porites massive",21
"1200",2011,"ahb","Horseshoe",3,"Porites massive",40
"1201",2011,"ahb","Horseshoe",3,"Sinularia spp",30
"1202",2011,"ahb","Horseshoe",3,"Sinularia spp",35
"1203",2011,"ahb","Horseshoe",3,"Sinularia spp",16
"1204",2011,"ahb","Horseshoe",3,"Sinularia spp",18
"1205",2011,"ahb","Horseshoe",3,"Sinularia spp",21
"1206",2011,"ahb","Horseshoe",3,"Sinularia spp",30
"1207",2011,"ahb","Horseshoe",3,"Sinularia spp",12
"1208",2011,"ahb","Horseshoe",3,"Sinularia spp",12
"1209",2011,"ahb","Horseshoe",3,"Sinularia spp",8
"1210",2011,"ahb","Horseshoe",3,"Sinularia spp",24
"1211",2011,"ahb","Horseshoe",3,"Sinularia spp",22
"1212",2011,"ahb","Horseshoe",3,"Sinularia spp",20
"1213",2011,"ahb","Horseshoe",3,"Sinularia spp",35
"1214",2011,"ahb","Horseshoe",3,"Sinularia spp",20
"1215",2011,"ahb","Horseshoe",3,"Porites lichen",18
"1216",2011,"ahb","Horseshoe",3,"Stylophora pistillata",10
"1217",2011,"ahb","Horseshoe",3,"Halomitra pileus",11
"1218",2011,"ahb","Horseshoe",4,"Acropora muricata",35
"1219",2011,"ahb","Horseshoe",4,"Acropora muricata",60
"1220",2011,"ahb","Horseshoe",4,"Porites massive",35
"1221",2011,"ahb","Horseshoe",4,"Porites massive",12
"1222",2011,"ahb","Horseshoe",4,"Porites massive",8
"1223",2011,"ahb","Horseshoe",4,"Acropora nasuta",10
"1224",2011,"ahb","Horseshoe",4,"Sinularia spp",10
"1225",2011,"ahb","Horseshoe",4,"Sinularia spp",15
"1226",2011,"ahb","Horseshoe",4,"Sinularia spp",12
"1227",2011,"ahb","Horseshoe",4,"Sinularia spp",15
"1228",2011,"ahb","Horseshoe",4,"Sinularia spp",8
"1229",2011,"ahb","Horseshoe",4,"Sinularia spp",30
"1230",2011,"ahb","Horseshoe",4,"Sinularia spp",40
"1231",2011,"ahb","Horseshoe",4,"Sinularia spp",25
"1232",2011,"ahb","Horseshoe",4,"Pocillopora damicornis",13
"1233",2011,"ahb","Horseshoe",4,"Isopora palifera",12
"1234",2011,"ahb","Horseshoe",4,"Goniastrea retiformis",5
"1235",2011,"ahb","Horseshoe",4,"Lobophytum spp",30
"1236",2011,"ahb","Horseshoe",4,"Goniastrea pectinata",18
"1237",2011,"ahb","Horseshoe",4,"Platygyra sinensis",17
"1238",2011,"ahb","Horseshoe",4,"Porites lichen",25
"1239",2011,"ahb","Horseshoe",5,"Acropora muricata",45
"1240",2011,"ahb","Horseshoe",5,"Montipora grisea",30
"1241",2011,"ahb","Horseshoe",5,"Montipora crassituberculata",20
"1242",2011,"ahb","Horseshoe",5,"Acropora nasuta",11
"1243",2011,"ahb","Horseshoe",5,"Sinularia spp",15
"1244",2011,"ahb","Horseshoe",5,"Sinularia spp",22
"1245",2011,"ahb","Horseshoe",5,"Sinularia spp",15
"1246",2011,"ahb","Horseshoe",5,"Sinularia spp",25
"1247",2011,"ahb","Horseshoe",5,"Sinularia spp",12
"1248",2011,"ahb","Horseshoe",5,"Acropora yongei",8
"1249",2011,"ahb","Horseshoe",5,"Acropora elseyi",18
"1250",2011,"ahb","Horseshoe",5,"Acropora elseyi",15
"1251",2011,"ahb","Horseshoe",5,"Montipora undata",26
"1252",2011,"ahb","Horseshoe",5,"Acropora florida",20
"1253",2011,"ahb","Horseshoe",5,"Pocillopora damicornis",10
"1254",2011,"ahb","Horseshoe",5,"Stylophora pistillata",22
"1255",2011,"ahb","Horseshoe",5,"Acropora loripes",11
"1256",2011,"ahb","Horseshoe",6,"Porites massive",50
"1257",2011,"ahb","Horseshoe",6,"Porites massive",10
"1258",2011,"ahb","Horseshoe",6,"Sinularia spp",22
"1259",2011,"ahb","Horseshoe",6,"Sinularia spp",6
"1260",2011,"ahb","Horseshoe",6,"Sinularia spp",8
"1261",2011,"ahb","Horseshoe",6,"Sinularia spp",40
"1262",2011,"ahb","Horseshoe",6,"Sinularia spp",30
"1263",2011,"ahb","Horseshoe",6,"Sinularia spp",50
"1264",2011,"ahb","Horseshoe",6,"Sinularia spp",8
"1265",2011,"ahb","Horseshoe",6,"Sinularia spp",35
"1266",2011,"ahb","Horseshoe",6,"Sinularia spp",30
"1267",2011,"ahb","Horseshoe",6,"Sinularia spp",21
"1268",2011,"ahb","Horseshoe",6,"Sinularia spp",15
"1269",2011,"ahb","Horseshoe",6,"Sinularia spp",11
"1270",2011,"ahb","Horseshoe",6,"Sinularia spp",30
"1271",2011,"ahb","Horseshoe",6,"Sinularia spp",50
"1272",2011,"ahb","Horseshoe",6,"Sinularia spp",40
"1273",2011,"ahb","Horseshoe",6,"Montipora undata",8
"1274",2011,"ahb","Horseshoe",6,"Dipsastraea pallida",12
"1275",2011,"ahb","Horseshoe",6,"Montipora aequituberculata",12
"1276",2011,"ahb","Horseshoe",6,"Acropora digitifera",34
"1277",2011,"ahb","Horseshoe",6,"Isopora palifera",31
"1278",2011,"ahb","Horseshoe",6,"Porites lichen",22
"1279",2011,"ahb","Horseshoe",6,"Goniastrea retiformis",12
"1280",2014,"TB","Horseshoe",1,"Acropora muricata",21
"1281",2014,"TB","Horseshoe",1,"Acropora yongei",153
"1282",2014,"TB","Horseshoe",1,"Acropora tenuis",5
"1283",2014,"TB","Horseshoe",1,"Acropora hyacinthus",13
"1284",2014,"TB","Horseshoe",1,"Acropora muricata",17
"1285",2014,"TB","Horseshoe",1,"Acropora gemmifera",35
"1286",2014,"TB","Horseshoe",1,"Acropora sarmentosa",12
"1287",2014,"TB","Horseshoe",1,"Porites massive",34
"1288",2014,"TB","Horseshoe",1,"Porites massive",12
"1289",2014,"TB","Horseshoe",1,"Sinularia sp.",91
"1290",2014,"TB","Horseshoe",1,"Sinularia sp.",69
"1291",2014,"TB","Horseshoe",1,"Sinularia sp.",29
"1292",2014,"TB","Horseshoe",1,"Sarcophyton sp.",47
"1293",2014,"TB","Horseshoe",1,"Isopora palifera",13
"1294",2014,"TB","Horseshoe",1,"Lobophyllia hemphrichii",7
"1295",2014,"TB","Horseshoe",2,"Acropora muricata",18
"1296",2014,"TB","Horseshoe",2,"Acropora muricata",5
"1297",2014,"TB","Horseshoe",2,"Acropora gemmifera",3
"1298",2014,"TB","Horseshoe",2,"Acropora florida",9
"1299",2014,"TB","Horseshoe",2,"Acropora tenuis",16
"1300",2014,"TB","Horseshoe",2,"Acropora loripes",4
"1301",2014,"TB","Horseshoe",2,"Porites massive",42
"1302",2014,"TB","Horseshoe",2,"Porites massive",14
"1303",2014,"TB","Horseshoe",2,"Sinularia sp.",19
"1304",2014,"TB","Horseshoe",2,"Sinularia sp.",18
"1305",2014,"TB","Horseshoe",2,"Sinularia sp.",33
"1306",2014,"TB","Horseshoe",2,"Sinularia sp.",14
"1307",2014,"TB","Horseshoe",2,"Sarcophyton sp.",9
"1308",2014,"TB","Horseshoe",2,"Sarcophyton sp.",6
"1309",2014,"TB","Horseshoe",2,"Sarcophyton sp.",13
"1310",2014,"TB","Horseshoe",2,"Isopora palifera",6
"1311",2014,"TB","Horseshoe",2,"Isopora palifera",7
"1312",2014,"TB","Horseshoe",2,"Isis hippurus",21
"1313",2014,"TB","Horseshoe",2,"Isis hippurus",9
"1314",2014,"TB","Horseshoe",2,"Diploastrea heliopora",140
"1315",2014,"TB","Horseshoe",3,"Acropora intermedia",30
"1316",2014,"TB","Horseshoe",3,"Acropora gemmifera",16
"1317",2014,"TB","Horseshoe",3,"Acropora muricata",12
"1318",2014,"TB","Horseshoe",3,"Acropora muricata",38
"1319",2014,"TB","Horseshoe",3,"Acropora muricata",4
"1320",2014,"TB","Horseshoe",3,"Acropora valida",6
"1321",2014,"TB","Horseshoe",3,"Montipora danae",7
"1322",2014,"TB","Horseshoe",3,"Montipora tuberculosa",9
"1323",2014,"TB","Horseshoe",3,"Montipora tuberculosa",17
"1324",2014,"TB","Horseshoe",3,"Porites massive",14
"1325",2014,"TB","Horseshoe",3,"Seriatopora hystrix",12
"1326",2014,"TB","Horseshoe",3,"Sinularia sp.",43
"1327",2014,"TB","Horseshoe",3,"Sinularia sp.",12
"1328",2014,"TB","Horseshoe",3,"Sarcophyton sp.",19
"1329",2014,"TB","Horseshoe",3,"Isopora palifera",4
"1330",2014,"TB","Horseshoe",3,"Isopora palifera",6
"1331",2014,"TB","Horseshoe",3,"Isis hippurus",7
"1332",2014,"TB","Horseshoe",3,"Platygyra pini",16
"1333",2014,"TB","Horseshoe",4,"Acropora cytherea",6
"1334",2014,"TB","Horseshoe",4,"Acropora sp. ",4
"1335",2014,"TB","Horseshoe",4,"Acropora nasuta",9
"1336",2014,"TB","Horseshoe",4,"Acropora florida",122
"1337",2014,"TB","Horseshoe",4,"Favia pallida",5
"1338",2014,"TB","Horseshoe",4,"Montipora aequituberculata",11
"1339",2014,"TB","Horseshoe",4,"Montipora aequituberculata",23
"1340",2014,"TB","Horseshoe",4,"Porites massive",21
"1341",2014,"TB","Horseshoe",4,"Porites massive",82
"1342",2014,"TB","Horseshoe",4,"Sinularia sp.",30
"1343",2014,"TB","Horseshoe",4,"Sinularia sp.",102
"1344",2014,"TB","Horseshoe",4,"Sinularia sp.",24
"1345",2014,"TB","Horseshoe",4,"Sinularia sp.",43
"1346",2014,"TB","Horseshoe",4,"Sarcophyton sp.",9
"1347",2014,"TB","Horseshoe",4,"Sarcophyton sp.",11
"1348",2014,"TB","Horseshoe",4,"Sarcophyton sp.",8
"1349",2014,"TB","Horseshoe",4,"Sarcophyton sp.",19
"1350",2014,"TB","Horseshoe",4,"Sarcophyton sp.",15
"1351",2014,"TB","Horseshoe",4,"Sarcophyton sp.",58
"1352",2014,"TB","Horseshoe",4,"Isis hippurus",16
"1353",2014,"TB","Horseshoe",4,"Isopora palifera",4
"1354",2014,"TB","Horseshoe",4,"Isopora palifera",12
"1355",2014,"TB","Horseshoe",4,"Lobophyllia hemphrichii",4
"1356",2014,"TB","Horseshoe",5,"Acropora elseyi",21
"1357",2014,"TB","Horseshoe",5,"Acropora elseyi",6
"1358",2014,"TB","Horseshoe",5,"Acropora elseyi",3
"1359",2014,"TB","Horseshoe",5,"Acropora elseyi",10
"1360",2014,"TB","Horseshoe",5,"Acropora sarmentosa",10
"1361",2014,"TB","Horseshoe",5,"Acropora muricata",16
"1362",2014,"TB","Horseshoe",5,"Acropora muricata",15
"1363",2014,"TB","Horseshoe",5,"Acropora muricata",17
"1364",2014,"TB","Horseshoe",5,"Acropora gemmifera",4
"1365",2014,"TB","Horseshoe",5,"Acropora sp. Fat dig",8
"1366",2014,"TB","Horseshoe",5,"Acropora intermedia",5
"1367",2014,"TB","Horseshoe",5,"Acropora spathulata",28
"1368",2014,"TB","Horseshoe",5,"Montipora undata",9
"1369",2014,"TB","Horseshoe",5,"Montipora undata",7
"1370",2014,"TB","Horseshoe",5,"Montipora undata",18
"1371",2014,"TB","Horseshoe",5,"Montipora undata",8
"1372",2014,"TB","Horseshoe",5,"Montipora undata",19
"1373",2014,"TB","Horseshoe",5,"Porites massive",11
"1374",2014,"TB","Horseshoe",5,"Porites massive",25
"1375",2014,"TB","Horseshoe",5,"Porites massive",16
"1376",2014,"TB","Horseshoe",5,"Porites massive",24
"1377",2014,"TB","Horseshoe",5,"Porites massive",5
"1378",2014,"TB","Horseshoe",5,"Porites massive",16
"1379",2014,"TB","Horseshoe",5,"Sinularia sp.",12
"1380",2014,"TB","Horseshoe",5,"Sinularia sp.",29
"1381",2014,"TB","Horseshoe",5,"Sarcophyton sp.",15
"1382",2014,"TB","Horseshoe",5,"Sarcophyton sp.",7
"1383",2014,"TB","Horseshoe",5,"Lobophyllia hemphrichii",90
"1384",2014,"TB","Horseshoe",5,"Echinopora lamellosa",35
"1385",2014,"TB","Lagoon 1",1,"Acropora nasuta",31
"1386",2014,"TB","Lagoon 1",1,"Acropora digitifera",6
"1387",2014,"TB","Lagoon 1",1,"Acropora digitifera",6
"1388",2014,"TB","Lagoon 1",1,"Goniastrea edwardsi",4
"1389",2014,"TB","Lagoon 1",1,"Favites abdita",9
"1390",2014,"TB","Lagoon 1",1,"Favites abdita",8
"1391",2014,"TB","Lagoon 1",1,"Favia pallida",7
"1392",2014,"TB","Lagoon 1",1,"Goniastrea edwardsi",11
"1393",2014,"TB","Lagoon 1",1,"Goniastrea edwardsi",12
"1394",2014,"TB","Lagoon 1",1,"Favia stelligera",8
"1395",2014,"TB","Lagoon 1",1,"Psammocora superficialis",4
"1396",2014,"TB","Lagoon 1",1,"Porites cylindrica",32
"1397",2014,"TB","Lagoon 1",1,"Porites massive",9
"1398",2014,"TB","Lagoon 1",1,"Porites cylindrica",8
"1399",2014,"TB","Lagoon 1",1,"Porites cylindrica",3
"1400",2014,"TB","Lagoon 1",1,"Porites cylindrica",3
"1401",2014,"TB","Lagoon 1",1,"Porites annae",5
"1402",2014,"TB","Lagoon 1",1,"Porites annae",7
"1403",2014,"TB","Lagoon 1",1,"Porites annae",6
"1404",2014,"TB","Lagoon 1",1,"Sinularia sp.",74
"1405",2014,"TB","Lagoon 1",1,"Sarcophyton sp.",21
"1406",2014,"TB","Lagoon 1",1,"Sarcophyton sp.",33
"1407",2014,"TB","Lagoon 1",1,"Sarcophyton sp.",29
"1408",2014,"TB","Lagoon 1",1,"Lobophyllia hemphrichii",17
"1409",2014,"TB","Lagoon 1",1,"Lobophyllia hemphrichii",66
"1410",2014,"TB","Lagoon 1",1,"Platygyra sinensis",16
"1411",2014,"TB","Lagoon 1",1,"Goniastrea sp.",33
"1412",2014,"TB","Lagoon 1",2,"Acropora nasuta",10
"1413",2014,"TB","Lagoon 1",2,"Acropora nasuta",6
"1414",2014,"TB","Lagoon 1",2,"Acropora humilis",4
"1415",2014,"TB","Lagoon 1",2,"Favites abdita",6
"1416",2014,"TB","Lagoon 1",2,"Leptastrea transversa",5
"1417",2014,"TB","Lagoon 1",2,"Goniastrea retiformis",33
"1418",2014,"TB","Lagoon 1",2,"Goniastrea retiformis",10
"1419",2014,"TB","Lagoon 1",2,"Pocillopora damicornis",18
"1420",2014,"TB","Lagoon 1",2,"Pocillopora damicornis",7
"1421",2014,"TB","Lagoon 1",2,"Pocillopora damicornis",7
"1422",2014,"TB","Lagoon 1",2,"Porites cylindrica",8
"1423",2014,"TB","Lagoon 1",2,"Porites cylindrica",4
"1424",2014,"TB","Lagoon 1",2,"Porites cylindrica",12
"1425",2014,"TB","Lagoon 1",2,"Porites cylindrica",19
"1426",2014,"TB","Lagoon 1",2,"Leptoria phrygia",40
"1427",2014,"TB","Lagoon 1",2,"Ctenactis echinata",14
"1428",2014,"TB","Lagoon 1",2,"Ctenactis echinata",5
"1429",2014,"TB","Lagoon 1",2,"Sarcophyton sp.",50
"1430",2014,"TB","Lagoon 1",2,"Sarcophyton sp.",68
"1431",2014,"TB","Lagoon 1",2,"Sinularia sp.",34
"1432",2014,"TB","Lagoon 1",2,"Heliopora coerulea",13
"1433",2014,"TB","Lagoon 1",2,"Platygyra daedalea",7
"1434",2014,"TB","Lagoon 1",3,"Acropora loripes",7
"1435",2014,"TB","Lagoon 1",3,"Acropora valida",11
"1436",2014,"TB","Lagoon 1",3,"Favites abdita",7
"1437",2014,"TB","Lagoon 1",3,"Favites abdita",13
"1438",2014,"TB","Lagoon 1",3,"Favites abdita",16
"1439",2014,"TB","Lagoon 1",3,"Pocillopora damicornis",9
"1440",2014,"TB","Lagoon 1",3,"Porites cylindrica",4
"1441",2014,"TB","Lagoon 1",3,"Sandalolitha robusta",8
"1442",2014,"TB","Lagoon 1",3,"Sarcophyton sp.",8
"1443",2014,"TB","Lagoon 1",3,"Sarcophyton sp.",21
"1444",2014,"TB","Lagoon 1",3,"Sarcophyton sp.",10
"1445",2014,"TB","Lagoon 1",3,"Sarcophyton sp.",6
"1446",2014,"TB","Lagoon 1",3,"Sarcophyton sp.",7
"1447",2014,"TB","Lagoon 1",3,"Sarcophyton sp.",12
"1448",2014,"TB","Lagoon 1",3,"Sarcophyton sp.",43
"1449",2014,"TB","Lagoon 1",3,"Sarcophyton sp.",11
"1450",2014,"TB","Lagoon 1",3,"Sarcophyton sp.",50
"1451",2014,"TB","Lagoon 1",3,"Sarcophyton sp.",16
"1452",2014,"TB","Lagoon 1",3,"Sarcophyton sp.",24
"1453",2014,"TB","Lagoon 2",3,"Coscinarea columna",4
"1454",2014,"TB","Lagoon 1",4,"Favites abdita",7
"1455",2014,"TB","Lagoon 1",4,"Favites abdita",13
"1456",2014,"TB","Lagoon 1",4,"Psammocora haimeana",7
"1457",2014,"TB","Lagoon 1",4,"Psammocora haimeana",7
"1458",2014,"TB","Lagoon 1",4,"Psammocora haimeana",15
"1459",2014,"TB","Lagoon 1",4,"Psammocora haimeana",5
"1460",2014,"TB","Lagoon 1",4,"Psammocora haimeana",12
"1461",2014,"TB","Lagoon 1",4,"Porites annae",6
"1462",2014,"TB","Lagoon 1",4,"Porites annae",7
"1463",2014,"TB","Lagoon 1",4,"Porites annae",7
"1464",2014,"TB","Lagoon 1",4,"Porites annae",11
"1465",2014,"TB","Lagoon 1",4,"Pocillopora damicornis",12
"1466",2014,"TB","Lagoon 1",4,"Porites cylindrica",4
"1467",2014,"TB","Lagoon 1",4,"Porites cylindrica",4
"1468",2014,"TB","Lagoon 1",4,"Porites cylindrica",6
"1469",2014,"TB","Lagoon 1",4,"Porites cylindrica",9
"1470",2014,"TB","Lagoon 1",4,"Seriatopora hystrix",11
"1471",2014,"TB","Lagoon 1",4,"Seriatopora hystrix",8
"1472",2014,"TB","Lagoon 1",4,"Sarcophyton sp.",280
"1473",2014,"TB","Lagoon 1",4,"Sinularia sp.",38
"1474",2014,"TB","Lagoon 2",1,"Acropora humilis",24
"1475",2014,"TB","Lagoon 2",1,"Acropora humilis",23
"1476",2014,"TB","Lagoon 2",1,"Acropora humilis",13
"1477",2014,"TB","Lagoon 2",1,"Acropora intermedia",19
"1478",2014,"TB","Lagoon 2",1,"Acropora muricata",12
"1479",2014,"TB","Lagoon 2",1,"Acropora muricata",11
"1480",2014,"TB","Lagoon 2",1,"Acropora muricata",21
"1481",2014,"TB","Lagoon 2",1,"Acropora muricata",7
"1482",2014,"TB","Lagoon 2",1,"Acropora humilis",28
"1483",2014,"TB","Lagoon 2",1,"Acropora muricata",8
"1484",2014,"TB","Lagoon 2",1,"Pocillopora damicornis",23
"1485",2014,"TB","Lagoon 2",1,"Pocillopora damicornis",27
"1486",2014,"TB","Lagoon 2",1,"Pocillopora damicornis",29
"1487",2014,"TB","Lagoon 2",1,"Porites massive",28
"1488",2014,"TB","Lagoon 2",1,"Isopora palifera",10
"1489",2014,"TB","Lagoon 2",1,"Isopora palifera",9
"1490",2014,"TB","Lagoon 2",2,"Acropora austera",26
"1491",2014,"TB","Lagoon 2",2,"Acropora nasuta",4
"1492",2014,"TB","Lagoon 2",2,"Acropora hyacinthus",12
"1493",2014,"TB","Lagoon 2",2,"Acropora hyacinthus",10
"1494",2014,"TB","Lagoon 2",2,"Acropora muricata",24
"1495",2014,"TB","Lagoon 2",2,"Acropora muricata",12
"1496",2014,"TB","Lagoon 2",2,"Acropora nasuta",31
"1497",2014,"TB","Lagoon 2",2,"Porites massive",4
"1498",2014,"TB","Lagoon 2",2,"Isopora palifera",7
"1499",2014,"TB","Lagoon 2",2,"Sinularia sp.",19
"1500",2014,"TB","Lagoon 2",2,"Sinularia sp.",9
"1501",2014,"TB","Lagoon 2",2,"Sinularia sp.",25
"1502",2014,"TB","Lagoon 2",2,"Sarcophyton sp.",18
"1503",2014,"TB","Lagoon 2",2,"Sarcophyton sp.",8
"1504",2014,"TB","Lagoon 2",2,"Sarcophyton sp.",124
"1505",2014,"TB","Lagoon 2",2,"Lobophytum",46
"1506",2014,"TB","Lagoon 2",3,"Acropora muricata",4
"1507",2014,"TB","Lagoon 2",3,"Acropora muricata",70
"1508",2014,"TB","Lagoon 2",3,"Acropora muricata",46
"1509",2014,"TB","Lagoon 2",3,"Acropora muricata",23
"1510",2014,"TB","Lagoon 2",3,"Acropora muricata",16
"1511",2014,"TB","Lagoon 2",3,"Acropora monticulosa",12
"1512",2014,"TB","Lagoon 2",3,"Acropora monticulosa",33
"1513",2014,"TB","Lagoon 2",3,"Acropora monticulosa",6
"1514",2014,"TB","Lagoon 2",3,"Acropora intermedia",102
"1515",2014,"TB","Lagoon 2",3,"Acropora sp. ",20
"1516",2014,"TB","Lagoon 2",3,"Acropora cytherea",21
"1517",2014,"TB","Lagoon 2",3,"Porites massive",4
"1518",2014,"TB","Lagoon 2",3,"Isopora palifera",7
"1519",2014,"TB","Lagoon 2",3,"Sinularia sp.",19
"1520",2014,"TB","Lagoon 2",3,"Sinularia sp.",9
"1521",2014,"TB","Lagoon 2",3,"Sinularia sp.",25
"1522",2014,"TB","Lagoon 2",3,"Sarcophyton sp.",18
"1523",2014,"TB","Lagoon 2",3,"Sarcophyton sp.",8
"1524",2014,"TB","Lagoon 2",3,"Sarcophyton sp.",124
"1525",2014,"TB","Lagoon 2",3,"Lobophytum",46
"1526",2014,"TB","Lagoon 2",4,"Acropora muricata",5
"1527",2014,"TB","Lagoon 2",4,"Acropora muricata",16
"1528",2014,"TB","Lagoon 2",4,"Acropora muricata",11
"1529",2014,"TB","Lagoon 2",4,"Acropora muricata",22
"1530",2014,"TB","Lagoon 2",4,"Acropora muricata",18
"1531",2014,"TB","Lagoon 2",4,"Acropora spathulata",51
"1532",2014,"TB","Lagoon 2",4,"Acropora muricata",24
"1533",2014,"TB","Lagoon 2",4,"Acropora muricata",13
"1534",2014,"TB","Lagoon 2",4,"Acropora muricata",8
"1535",2014,"TB","Lagoon 2",4,"Acropora muricata",11
"1536",2014,"TB","Lagoon 2",4,"Acropora nasuta",20
"1537",2014,"TB","Lagoon 2",4,"Acropora humilis",12
"1538",2014,"TB","Lagoon 2",4,"Pocillopora verrucosa",4
"1539",2014,"TB","Lagoon 2",4,"Porites massive",21
"1540",2014,"TB","Lagoon 2",4,"Isopora palifera",8
"1541",2014,"TB","Lagoon 2",4,"Isopora palifera",9
"1542",2014,"TB","Lagoon 2",4,"Sarcophyton sp.",10
"1543",2014,"TB","Lagoon 2",4,"Sinularia sp.",64
"1544",2014,"TB","Lagoon 2",4,"Other soft coral",5
"1545",2014,"TB","Lagoon 2",4,"Other soft coral",5
"1546",2014,"TB","Lagoon 2",5,"Acropora muricata",5
"1547",2014,"TB","Lagoon 2",5,"Acropora muricata",8
"1548",2014,"TB","Lagoon 2",5,"Acropora muricata",4
"1549",2014,"TB","Lagoon 2",5,"Acropora muricata",35
"1550",2014,"TB","Lagoon 2",5,"Acropora muricata",19
"1551",2014,"TB","Lagoon 2",5,"Acropora gemmifera",19
"1552",2014,"TB","Lagoon 2",5,"Acropora gemmifera",6
"1553",2014,"TB","Lagoon 2",5,"Favia pallida",7
"1554",2014,"TB","Lagoon 2",5,"Porites massive",11
"1555",2014,"TB","Lagoon 2",5,"Porites massive",27
"1556",2014,"TB","Lagoon 2",5,"Isopora palifera",15
"1557",2014,"TB","Lagoon 2",5,"Sarcophyton sp.",56
"1558",2014,"TB","Lagoon 2",5,"Sinularia sp.",27
"1559",2014,"TB","Lagoon 2",5,"Sinularia sp.",41
"1560",2014,"TB","Lagoon 2",5,"Sinularia sp.",66
"1561",2014,"TB","Lagoon 2",5,"Xenia sp.",5
"1562",2014,"TB","Lagoon 2",5,"Lobophytum",46
"1563",2014,"TB","Lagoon 2",5,"Lobophytum",7
"1564",2014,"TB","Lagoon 2",5,"Lobophytum",18
"1565",2014,"TB","Lagoon 2",6,"Acropora gemmifera",26
"1566",2014,"TB","Lagoon 2",6,"Acropora sarmentosa",22
"1567",2014,"TB","Lagoon 2",6,"Acropora valida",9
"1568",2014,"TB","Lagoon 2",6,"Acropora loripes",8
"1569",2014,"TB","Lagoon 2",6,"Pocillopora damicornis",5
"1570",2014,"TB","Lagoon 2",6,"Porites massive",11
"1571",2014,"TB","Lagoon 2",6,"Porites massive",27
"1572",2014,"TB","Lagoon 2",6,"Isopora palifera",5
"1573",2014,"TB","Lagoon 2",6,"Isopora palifera",10
"1574",2014,"TB","Lagoon 2",6,"Isopora palifera",16
"1575",2014,"TB","Lagoon 2",6,"Isopora palifera",6
"1576",2014,"TB","Lagoon 2",6,"Isopora palifera",6
"1577",2014,"TB","Lagoon 2",6,"Sarcophyton sp.",12
"1578",2014,"TB","Lagoon 2",6,"Sarcophyton sp.",31
"1579",2014,"TB","Lagoon 2",6,"Sarcophyton sp.",15
"1580",2014,"TB","Lagoon 2",6,"Sinularia sp.",27
"1581",2014,"TB","Lagoon 2",6,"Sinularia sp.",36
"1582",2014,"TB","Lagoon 2",6,"Sinularia sp.",55
"1583",2014,"TB","Lagoon 2",6,"Sinularia sp.",7
"1584",2014,"TB","Lagoon 2",6,"Lobophytum",23
"1585",2014,"TB","Lagoon 2",6,"Lobophytum",14
"1586",2014,"TB","Lagoon 2",6,"Lobophytum",11
"1587",2014,"TB","Lagoon 2",6,"Lobophytum",10
"1588",2014,"TB","North Reef",1,"Porites massive",5
"1589",2014,"TB","North Reef",1,"Isopora palifera",4
"1590",2014,"TB","North Reef",2,"Porites massive",38
"1591",2014,"TB","North Reef",3,"Goniastrea sp.",12
"1592",2014,"TB","North Reef",3,"Montipora sp.",9
"1593",2014,"TB","North Reef",3,"Montipora sp.",3
"1594",2014,"TB","North Reef",3,"Montipora sp.",9
"1595",2014,"TB","North Reef",3,"Montipora sp.",6
"1596",2014,"TB","North Reef",3,"Montipora sp.",5
"1597",2014,"TB","North Reef",3,"Pocillopora damicornis",3
"1598",2014,"TB","North Reef",3,"Sinularia sp.",12
"1599",2014,"TB","North Reef",3,"Astreopora myriopthalma",10
"1600",2014,"TB","Trimodal",1,"Acropora sp. ",10
"1601",2014,"TB","Trimodal",1,"Acropora sp. ",5
"1602",2014,"TB","Trimodal",1,"Acropora sp. ",15
"1603",2014,"TB","Trimodal",1,"Acropora monticulosa",4
"1604",2014,"TB","Trimodal",1,"Acropora monticulosa",16
"1605",2014,"TB","Trimodal",1,"Acropora hyacinthus",66
"1606",2014,"TB","Trimodal",1,"Acropora hyacinthus",15
"1607",2014,"TB","Trimodal",1,"Acropora intermedia",26
"1608",2014,"TB","Trimodal",1,"Acropora intermedia",11
"1609",2014,"TB","Trimodal",1,"Acropora hyacinthus",4
"1610",2014,"TB","Trimodal",1,"Acropora hyacinthus",42
"1611",2014,"TB","Trimodal",1,"Acropora spathulata",5
"1612",2014,"TB","Trimodal",1,"Acropora sp. Fat dig",6
"1613",2014,"TB","Trimodal",1,"Acropora hyacinthus",16
"1614",2014,"TB","Trimodal",1,"Favites sp.",6
"1615",2014,"TB","Trimodal",1,"Favites sp.",10
"1616",2014,"TB","Trimodal",1,"Favites sp.",5
"1617",2014,"TB","Trimodal",1,"Goniastrea sp.",5
"1618",2014,"TB","Trimodal",1,"Platygyra daedalea",11
"1619",2014,"TB","Trimodal",1,"Platygyra sp.",16
"1620",2014,"TB","Trimodal",1,"Pocillopora verrucosa",5
"1621",2014,"TB","Trimodal",1,"Pocillopora verrucosa",4
"1622",2014,"TB","Trimodal",1,"Porites massive",4
"1623",2014,"TB","Trimodal",1,"Isopora palifera",15
"1624",2014,"TB","Trimodal",1,"Isopora palifera",7
"1625",2014,"TB","Trimodal",1,"Isopora palifera",5
"1626",2014,"TB","Trimodal",1,"Isopora palifera",11
"1627",2014,"TB","Trimodal",1,"Isopora palifera",8
"1628",2014,"TB","Trimodal",1,"Isopora palifera",7
"1629",2014,"TB","Trimodal",1,"Sarcophyton sp.",9
"1630",2014,"TB","Trimodal",1,"Sarcophyton sp.",11
"1631",2014,"TB","Trimodal",2,"Acropora sp. Fat dig",18
"1632",2014,"TB","Trimodal",2,"Acropora robusta",35
"1633",2014,"TB","Trimodal",2,"Acropora cytherea",16
"1634",2014,"TB","Trimodal",2,"Acropora hyacinthus",55
"1635",2014,"TB","Trimodal",2,"Acropora hyacinthus",64
"1636",2014,"TB","Trimodal",2,"Acropora hyacinthus",18
"1637",2014,"TB","Trimodal",2,"Acropora spathulata",7
"1638",2014,"TB","Trimodal",2,"Acropora hyacinthus",12
"1639",2014,"TB","Trimodal",2,"Acropora sp. Fat dig",15
"1640",2014,"TB","Trimodal",2,"Acropora sp. Fat dig",8
"1641",2014,"TB","Trimodal",2,"Acropora nasuta",12
"1642",2014,"TB","Trimodal",2,"Acropora sp. ",25
"1643",2014,"TB","Trimodal",2,"Acropora gemmifera",8
"1644",2014,"TB","Trimodal",2,"Acropora gemmifera",7
"1645",2014,"TB","Trimodal",2,"Acropora hyacinthus",33
"1646",2014,"TB","Trimodal",2,"Acropora hyacinthus",7
"1647",2014,"TB","Trimodal",2,"Acropora gemmifera",9
"1648",2014,"TB","Trimodal",2,"Acropora hyacinthus",33
"1649",2014,"TB","Trimodal",2,"Goniastrea sp.",7
"1650",2014,"TB","Trimodal",2,"Pocillopora verrucosa",12
"1651",2014,"TB","Trimodal",2,"Pocillopora damicornis",14
"1652",2014,"TB","Trimodal",2,"Pocillopora eydouxi",14
"1653",2014,"TB","Trimodal",2,"Isopora palifera",10
"1654",2014,"TB","Trimodal",2,"Isopora palifera",7
"1655",2014,"TB","Trimodal",2,"Isopora palifera",9
"1656",2014,"TB","Trimodal",2,"Isopora palifera",26
"1657",2014,"TB","Trimodal",2,"Leptastrea sp.?",9
"1658",2014,"TB","Trimodal",3,"Acropora sp. Fat dig",7
"1659",2014,"TB","Trimodal",3,"Acropora hyacinthus",11
"1660",2014,"TB","Trimodal",3,"Acropora hyacinthus",14
"1661",2014,"TB","Trimodal",3,"Acropora hyacinthus",44
"1662",2014,"TB","Trimodal",3,"Acropora cytherea",26
"1663",2014,"TB","Trimodal",3,"Acropora gemmifera",11
"1664",2014,"TB","Trimodal",3,"Acropora gemmifera",12
"1665",2014,"TB","Trimodal",3,"Acropora hyacinthus",18
"1666",2014,"TB","Trimodal",3,"Acropora gemmifera",6
"1667",2014,"TB","Trimodal",3,"Acropora hyacinthus",55
"1668",2014,"TB","Trimodal",3,"Acropora sp. Fat dig",14
"1669",2014,"TB","Trimodal",3,"Acropora sp. Fat dig",15
"1670",2014,"TB","Trimodal",3,"Acropora sp. Fat dig",5
"1671",2014,"TB","Trimodal",3,"Acropora gemmifera",12
"1672",2014,"TB","Trimodal",3,"Acropora monticulosa",5
"1673",2014,"TB","Trimodal",3,"Acropora robusta",20
"1674",2014,"TB","Trimodal",3,"Acropora gemmifera",4
"1675",2014,"TB","Trimodal",3,"Goniastrea sp.",5
"1676",2014,"TB","Trimodal",3,"Goniastrea sp.",7
"1677",2014,"TB","Trimodal",3,"Platygyra sp.",28
"1678",2014,"TB","Trimodal",3,"Pocillopora verrucosa",7
"1679",2014,"TB","Trimodal",3,"Isopora palifera",8
"1680",2014,"TB","Trimodal",3,"Isopora palifera",4
"1681",2014,"TB","Trimodal",3,"Isopora palifera",12
"1682",2014,"TB","Trimodal",3,"Isopora palifera",14
"1683",2014,"TB","Trimodal",3,"Isopora palifera",20
"1684",2014,"TB","Trimodal",3,"Isopora palifera",21
"1685",2014,"TB","Trimodal",3,"Isopora palifera",4
"1686",2014,"TB","Trimodal",3,"Millepora",55
"1687",2014,"TB","Trimodal",3,"Millepora",6
"1688",2014,"TB","Trimodal",3,"Sinularia sp.",60
"1689",2014,"TB","Trimodal",4,"Acropora hyacinthus",45
"1690",2014,"TB","Trimodal",4,"Acropora spathulata",51
"1691",2014,"TB","Trimodal",4,"Acropora hyacinthus",15
"1692",2014,"TB","Trimodal",4,"Acropora sp.",25
"1693",2014,"TB","Trimodal",4,"Acropora sp. Fat dig",4
"1694",2014,"TB","Trimodal",4,"Acropora sp. Fat dig",44
"1695",2014,"TB","Trimodal",4,"Acropora hyacinthus",14
"1696",2014,"TB","Trimodal",4,"Acropora intermedia",5
"1697",2014,"TB","Trimodal",4,"Favites abdita?",6
"1698",2014,"TB","Trimodal",4,"Favites sp.",10
"1699",2014,"TB","Trimodal",4,"Favites sp.",4
"1700",2014,"TB","Trimodal",4,"Porites massive",5
"1701",2014,"TB","Trimodal",4,"Isopora palifera",8
"1702",2014,"TB","Trimodal",4,"Isopora palifera",7
"1703",2014,"TB","Trimodal",4,"Isopora palifera",4
"1704",2014,"TB","Trimodal",4,"Isopora palifera",14
"1705",2014,"TB","Trimodal",4,"Isopora palifera",6
"1706",2014,"TB","Trimodal",4,"Sinularia sp.",8
"1707",2014,"TB","Trimodal",4,"Sinularia sp.",12
"1708",2014,"TB","Trimodal",4,"Sinularia sp.",4
"1709",2014,"TB","Trimodal",4,"Sinularia sp.",10
"1710",2014,"TB","Trimodal",4,"Sinularia sp.",7
"1711",2014,"TB","Trimodal",4,"Sinularia sp.",18
"1712",2014,"TB","Trimodal",4,"Cladiella",9
"1713",2014,"TB","Trimodal",5,"Acropora muricata",4
"1714",2014,"TB","Trimodal",5,"Acropora muricata",5
"1715",2014,"TB","Trimodal",5,"Acropora muricata",3
"1716",2014,"TB","Trimodal",5,"Acropora muricata",4
"1717",2014,"TB","Trimodal",5,"Acropora sp. ",8
"1718",2014,"TB","Trimodal",5,"Acropora sp. ",6
"1719",2014,"TB","Trimodal",5,"Acropora muricata",22
"1720",2014,"TB","Trimodal",5,"Acropora muricata",5
"1721",2014,"TB","Trimodal",5,"Acropora intermedia",4
"1722",2014,"TB","Trimodal",5,"Acropora sp. ",6
"1723",2014,"TB","Trimodal",5,"Acropora humilis",12
"1724",2014,"TB","Trimodal",5,"Acropora sp. ",19
"1725",2014,"TB","Trimodal",5,"Porites massive",5
"1726",2014,"TB","Trimodal",5,"Isopora palifera",20
"1727",2014,"TB","Trimodal",5,"Isopora palifera",7
"1728",2014,"TB","Trimodal",5,"Isopora palifera",6
"1729",2014,"TB","Trimodal",5,"Isopora palifera",4
"1730",2014,"TB","Trimodal",5,"Sarcophyton sp.",39
"1731",2014,"TB","Trimodal",5,"Sinularia sp.",42
"1732",2014,"TB","Trimodal",5,"Sinularia sp.",37
"1733",2014,"TB","Trimodal",5,"Sinularia sp.",12
"1734",2014,"TB","Trimodal",5,"Sinularia sp.",15
"1735",2014,"TB","Trimodal",5,"Sinularia sp.",24
"1736",2014,"TB","Trimodal",6,"Acropora muricata",5
"1737",2014,"TB","Trimodal",6,"Acropora muricata",5
"1738",2014,"TB","Trimodal",6,"Acropora muricata",45
"1739",2014,"TB","Trimodal",6,"Acropora spathulata",22
"1740",2014,"TB","Trimodal",6,"Acropora muricata",5
"1741",2014,"TB","Trimodal",6,"Acropora muricata",5
"1742",2014,"TB","Trimodal",6,"Acropora sp. ",20
"1743",2014,"TB","Trimodal",6,"Acropora sp. Fat dig",15
"1744",2014,"TB","Trimodal",6,"Goniastrea sp.",24
"1745",2014,"TB","Trimodal",6,"Goniastrea sp.",35
"1746",2014,"TB","Trimodal",6,"Pocillopora damicornis",6
"1747",2014,"TB","Trimodal",6,"Pocillopora verrucosa",18
"1748",2014,"TB","Trimodal",6,"Pocillopora verrucosa",17
"1749",2014,"TB","Trimodal",6,"Isopora palifera",6
"1750",2014,"TB","Trimodal",6,"Isopora palifera",9
"1751",2014,"TB","Trimodal",6,"Isopora palifera",5
"1752",2014,"TB","Trimodal",6,"Isopora palifera",14
"1753",2014,"TB","Trimodal",6,"Isopora palifera",10
"1754",2014,"TB","Trimodal",6,"Sarcophyton sp.",17
"1755",2014,"TB","Trimodal",6,"Sinularia sp.",4
"1756",2014,"TB","Trimodal",6,"Sinularia sp.",34
"1757",2014,"TB","Trimodal",6,"Sinularia sp.",20
"1758",2014,"TB","Trimodal",6,"Sinularia sp.",57
"1759",2014,"TB","Trimodal",6,"Sinularia sp.",36
"1760",2014,"TB","Trimodal",6,"Cladiella",10
"1761",2014,"TB","Trimodal",6,"Cladiella",6
"1762",2014,"TB","Lizard Head",1,"Acropora gemmifera",8
"1763",2014,"TB","Lizard Head",1,"Platygyra daedalea",20
"1764",2014,"TB","Lizard Head",1,"Pocillopora verrucosa",7
"1765",2014,"TB","Lizard Head",1,"Pocillopora verrucosa",8
"1766",2014,"TB","Lizard Head",1,"Pocillopora eydouxi",17
"1767",2014,"TB","Lizard Head",1,"Porites sp.",19
"1768",2014,"TB","Lizard Head",1,"Sarcophyton sp.",16
"1769",2014,"TB","Lizard Head",2,"Acropora gemmifera",9
"1770",2014,"TB","Lizard Head",2,"Acropora gemmifera",22
"1771",2014,"TB","Lizard Head",2,"Acropora sp. ",10
"1772",2014,"TB","Lizard Head",2,"Acropora nasuta",4
"1773",2014,"TB","Lizard Head",2,"Favia pallida",6
"1774",2014,"TB","Lizard Head",2,"Montastraea curta",4
"1775",2014,"TB","Lizard Head",2,"Pocillopora verrucosa",15
"1776",2014,"TB","Lizard Head",2,"Pocillopora verrucosa",19
"1777",2014,"TB","Lizard Head",2,"Pocillopora eydouxi",52
"1778",2014,"TB","Lizard Head",2,"Pocillopora eydouxi",12
"1779",2014,"TB","Lizard Head",2,"Pocillopora eydouxi",44
"1780",2014,"TB","Lizard Head",2,"Cladiella",12
"1781",2014,"TB","Lizard Head",3,"Acropora sp. ",4
"1782",2014,"TB","Lizard Head",3,"Acropora robusta",32
"1783",2014,"TB","Lizard Head",3,"Pocillopora verrucosa",5
"1784",2014,"TB","Lizard Head",3,"Pocillopora verrucosa",22
"1785",2014,"TB","Lizard Head",3,"Pocillopora verrucosa",10
"1786",2014,"TB","Lizard Head",3,"Pocillopora eydouxi",12
"1787",2014,"TB","Lizard Head",3,"Porites massive",4
"1788",2014,"TB","Lizard Head",3,"Millepora",19
"1789",2014,"jsm","Horseshoe",6,"Acropora gemmifera",5
"1790",2014,"jsm","Horseshoe",6,"Acropora gemmifera",15
"1791",2014,"jsm","Horseshoe",6,"Acropora gemmifera",10
"1792",2014,"jsm","Horseshoe",6,"Acropora intermedia",10
"1793",2014,"jsm","Horseshoe",6,"Acropora loripes",15
"1794",2014,"jsm","Horseshoe",6,"Acropora florida",15
"1795",2014,"jsm","Horseshoe",6,"Acropora florida",10
"1796",2014,"jsm","Horseshoe",6,"Acropora formosa",10
"1797",2014,"jsm","Horseshoe",6,"Acropora palifera",15
"1798",2014,"jsm","Horseshoe",6,"Acropora palifera",15
"1799",2014,"jsm","Horseshoe",6,"Acropora fat_digitifera",35
"1800",2014,"jsm","Horseshoe",6,"Echinopora horrida",15
"1801",2014,"jsm","Horseshoe",6,"Echinopora horrida",20
"1802",2014,"jsm","Horseshoe",6,"Acropora nasuta",15
"1803",2014,"jsm","Horseshoe",6,"Acropora nasuta",40
"1804",2014,"jsm","Horseshoe",6,"Goniastrea retiformis",10
"1805",2014,"jsm","Horseshoe",6,"Montipora mollis",10
"1806",2014,"jsm","Horseshoe",6,"Monitpora crassituberculata",40
"1807",2014,"jsm","Horseshoe",6,"Montipora foveolata",5
"1808",2014,"jsm","Horseshoe",6,"Porites lobata",50
"1809",2014,"jsm","Horseshoe",6,"Porites lobata",50
"1810",2014,"jsm","Horseshoe",6,"Porites lobata",40
"1811",2014,"jsm","Horseshoe",6,"Stylophora pistulata",15
"1812",2014,"jsm","Horseshoe",6,"Seriatopora hystrix",10
"1813",2014,"jsm","Horseshoe",6,"Sinularia spp",35
"1814",2014,"jsm","Horseshoe",6,"Sinularia spp",30
"1815",2014,"jsm","Horseshoe",6,"Sinularia spp",65
"1816",2014,"jsm","Horseshoe",6,"Sinularia spp",10
"1817",2014,"jsm","Horseshoe",6,"Sinularia spp",10
"1818",2014,"jsm","Horseshoe",6,"Sarcophytum spp",15
"1819",2014,"jsm","Horseshoe",6,"Sarcophytum spp",10
"1820",2014,"jsm","Horseshoe",6,"Sarcophytum spp",10
"1821",2014,"jsm","Horseshoe",6,"Sarcophytum spp",10
"1822",2014,"jsm","Horseshoe",6,"Rubble small",35
"1823",2014,"jsm","Horseshoe",6,"Rubble small",30
"1824",2014,"jsm","Horseshoe",6,"Rubble small",20
"1825",2014,"jsm","Horseshoe",6,"Rubble large",45
"1826",2014,"jsm","Horseshoe",6,"Rubble large",30
"1827",2014,"jsm","Horseshoe",6,"Rubble large",10
"1828",2014,"jsm","Horseshoe",6,"Isis hippurus",45
"1829",2014,"jsm","Horseshoe",6,"Isis hippurus",10
"1830",2014,"jsm","Lagoon 1",5,"Acropora hyacinthus",30
"1831",2014,"jsm","Lagoon 1",5,"Echinopora horrida",15
"1832",2014,"jsm","Lagoon 1",5,"Echinopora horrida",50
"1833",2014,"jsm","Lagoon 1",5,"Echinopora horrida",10
"1834",2014,"jsm","Lagoon 1",5,"Echinopora horrida",10
"1835",2014,"jsm","Lagoon 1",5,"Echinopora horrida",70
"1836",2014,"jsm","Lagoon 1",5,"Echinopora horrida",15
"1837",2014,"jsm","Lagoon 1",5,"Echinopora horrida",30
"1838",2014,"jsm","Lagoon 1",5,"Acropora loripes",10
"1839",2014,"jsm","Lagoon 1",5,"Acropora loripes",10
"1840",2014,"jsm","Lagoon 1",5,"Acropora valida",30
"1841",2014,"jsm","Lagoon 1",5,"Pocillopora damicornis",10
"1842",2014,"jsm","Lagoon 1",5,"Goniastrea retiformis",10
"1843",2014,"jsm","Lagoon 1",5,"Pocillopora damicornis",15
"1844",2014,"jsm","Lagoon 1",5,"Porites cylindrica",10
"1845",2014,"jsm","Lagoon 1",5,"Seriatopora hystrix",10
"1846",2014,"jsm","Lagoon 1",5,"Dead coral",10
"1847",2014,"jsm","Lagoon 1",5,"Dead coral",15
"1848",2014,"jsm","Lagoon 1",5,"Dead coral",20
"1849",2014,"jsm","Lagoon 1",5,"Dead coral",30
"1850",2014,"jsm","Lagoon 1",5,"Fungia repanda",15
"1851",2014,"jsm","Lagoon 1",5,"Echinopora lamellosa",60
"1852",2014,"jsm","Lagoon 1",5,"Echinopora lamellosa",15
"1853",2014,"jsm","Lagoon 1",5,"Echinopora lamellosa",10
"1854",2014,"jsm","Lagoon 1",5,"Ctenactis echinata",20
"1855",2014,"jsm","Lagoon 1",5,"Rubble large",10
"1856",2014,"jsm","Lagoon 1",5,"Rubble large",40
"1857",2014,"jsm","Lagoon 1",5,"Goniastrea edwardsi",15
"1858",2014,"jsm","Lagoon 1",5,"Sinularia spp",80
"1859",2014,"jsm","Lagoon 1",5,"Sinularia spp",20
"1860",2014,"jsm","Lagoon 1",5,"Sinularia spp",20
"1861",2014,"jsm","Lagoon 1",5,"Sinularia spp",20
"1862",2014,"jsm","Lagoon 1",5,"Sinularia spp",15
"1863",2014,"jsm","Lagoon 1",5,"Sinularia spp",50
"1864",2014,"jsm","Lagoon 1",5,"Sinularia spp",10
"1865",2014,"jsm","Lagoon 1",5,"Sinularia spp",20
"1866",2014,"jsm","Lagoon 1",5,"Heliopora spp",15
"1867",2014,"jsm","Lagoon 1",6,"Acropora gemmifera",15
"1868",2014,"jsm","Lagoon 1",6,"Acropora nasuta",15
"1869",2014,"jsm","Lagoon 1",6,"Goniastrea retiformis",65
"1870",2014,"jsm","Lagoon 1",6,"Goniastrea retiformis",15
"1871",2014,"jsm","Lagoon 1",6,"Symphillia radians",15
"1872",2014,"jsm","Lagoon 1",6,"Favites complanata",20
"1873",2014,"jsm","Lagoon 1",6,"Pocillopora damicornis",15
"1874",2014,"jsm","Lagoon 1",6,"Montipora mollis",10
"1875",2014,"jsm","Lagoon 1",6,"Porites rus",20
"1876",2014,"jsm","Lagoon 1",6,"Porites rus",10
"1877",2014,"jsm","Lagoon 1",6,"Porites rus",10
"1878",2014,"jsm","Lagoon 1",6,"Dead coral",120
"1879",2014,"jsm","Lagoon 1",6,"Dead coral",10
"1880",2014,"jsm","Lagoon 1",6,"Dead coral",20
"1881",2014,"jsm","Lagoon 1",6,"Dead coral",40
"1882",2014,"jsm","Lagoon 1",6,"Rubble large",10
"1883",2014,"jsm","Lagoon 1",6,"Sinularia spp",40
"1884",2014,"jsm","Lagoon 1",6,"Sinularia spp",30
"1885",2014,"jsm","Lagoon 1",6,"Sinularia spp",10
"1886",2014,"jsm","Lagoon 1",6,"Sinularia spp",10
"1887",2014,"jsm","Lagoon 1",6,"Sinularia spp",35
"1888",2014,"jsm","Lagoon 1",6,"Sinularia spp",100
"1889",2014,"jsm","Lagoon 1",6,"Sinularia spp",120
"1890",2014,"jsm","Lagoon 1",6,"Sinularia spp",100
"1891",2014,"jsm","Lagoon 1",6,"Sinularia spp",90
"1892",2014,"jsm","Lagoon 1",6,"Sinularia spp",30
"1893",2014,"jsm","Lagoon 1",6,"Sinularia spp",10
